<?xml version="1.0" encoding="UTF-8"?>
<window id="1119" type="dialog">
	<defaultcontrol always="true">90300</defaultcontrol>
	<coordinates>
		<system>1</system>
		<left>0</left>
		<top>0</top>
	</coordinates>
	<include>dialogeffect</include>
	<controls>
		<control type="grouplist" id="90200">
			<left>705</left>
			<top>0</top>
			<width>510</width>
			<height>1080</height>
			<onleft>90200</onleft>
			<onright>90200</onright>
			<onup>90200</onup>
			<ondown>90200</ondown>
			<itemgap>0</itemgap>
			<align>center</align>
			<control type="image" id="90201">
				<description>background image</description>
				<width>510</width>
				<height>32</height>
				<texture border="12">button_border.png</texture>
				<colordiffuse>$VAR[ColorDialogVar]</colordiffuse>
			</control>
			
			<control type="button" id="90217">
				<description>User ratings</description>
				<width>510</width>
				<textwidth>425</textwidth>
				<textoffsetx>45</textoffsetx>
				<texturefocus border="12">button_bg.png</texturefocus>
				<texturenofocus border="12">button_bg.png</texturenofocus>
				<colordiffuse>$VAR[ColorDialogVar]</colordiffuse>
				<visible>Container.Content(movies) | Container.Content(tvshows) | Container.Content(episodes) | Container.Content(musicvideos)</visible>
			</control>
			<control type="button" id="90206">
				<description>Rating Update button</description>
				<width>510</width>
				<textwidth>425</textwidth>
				<textoffsetx>45</textoffsetx>
				<texturefocus border="12">button_bg.png</texturefocus>
				<texturenofocus border="12">button_bg.png</texturenofocus>
				<colordiffuse>$VAR[ColorDialogVar]</colordiffuse>
				<visible>System.HasAddon(script.ratingupdate)</visible>
				<visible>Container.Content(movies) | Container.Content(tvshows)</visible>
			</control>
			<control type="button" id="90203">
				<description>Artwork downloader button</description>
				<width>510</width>
				<textwidth>425</textwidth>
				<textoffsetx>45</textoffsetx>
				<texturefocus border="12">button_bg.png</texturefocus>
				<texturenofocus border="12">button_bg.png</texturenofocus>
				<colordiffuse>$VAR[ColorDialogVar]</colordiffuse>
				<visible>System.HasAddon(script.artwork.downloader) + [Container.Content(movies) | Container.Content(tvshows)]</visible>
			</control>
			<control type="button" id="90204">
				<description>Artwork downloader button</description>
				<width>510</width>
				<textwidth>425</textwidth>
				<textoffsetx>45</textoffsetx>
				<texturefocus border="12">button_bg.png</texturefocus>
				<texturenofocus border="12">button_bg.png</texturenofocus>
				<colordiffuse>$VAR[ColorDialogVar]</colordiffuse>
				<visible>System.HasAddon(script.artwork.downloader) + [Container.Content(movies) | Container.Content(tvshows)]</visible>
			</control>
			<control type="button" id="90205">
				<description>Edit button</description>
				<width>510</width>
				<textwidth>425</textwidth>
				<textoffsetx>45</textoffsetx>
				<texturefocus border="12">button_bg.png</texturefocus>
				<texturenofocus border="12">button_bg.png</texturenofocus>
				<colordiffuse>$VAR[ColorDialogVar]</colordiffuse>
				<visible>System.HasAddon(script.libraryeditor)</visible>
			</control>
			<control type="button" id="90207">
				<description>TvTunes button</description>
				<width>510</width>
				<textwidth>425</textwidth>
				<textoffsetx>45</textoffsetx>
				<texturefocus border="12">button_bg.png</texturefocus>
				<texturenofocus border="12">button_bg.png</texturenofocus>
				<colordiffuse>$VAR[ColorDialogVar]</colordiffuse>
				<visible>System.HasAddon(script.tvtunes)</visible>
				<visible>[Container.Content(movies) | Container.Content(tvshows) | Container.Content(musicvideos)] + IsEmpty(Window(movieinformation).Property("TvTunes_HideVideoInfoButton"))</visible>
			</control>
			<control type="button" id="90202">
				<description>Cinema Vision button</description>
				<width>510</width>
				<textwidth>425</textwidth>
				<textoffsetx>45</textoffsetx>
				<texturefocus border="12">button_bg.png</texturefocus>
				<texturenofocus border="12">button_bg.png</texturenofocus>
				<colordiffuse>$VAR[ColorDialogVar]</colordiffuse>
				<visible>System.HasAddon(script.cinemavision) + [Container.Content(movies) | Container.Content(tvshows) | Container.Content(episodes)]</visible>
			</control>
			<control type="button" id="90208">
				<description>VideoExtras button</description>
				<width>510</width>
				<textwidth>425</textwidth>
				<textoffsetx>45</textoffsetx>
				<texturefocus border="12">button_bg.png</texturefocus>
				<texturenofocus border="12">button_bg.png</texturenofocus>
				<colordiffuse>$VAR[ColorDialogVar]</colordiffuse>
				<visible>System.HasAddon(script.videoextras)</visible>
				<visible>[Container.Content(movies) | Container.Content(tvshows) | Container.Content(episodes) | Container.Content(musicvideos)]</visible>
			</control>
			<control type="button" id="90209">
				<description>Search YouTube button</description>
				<width>510</width>
				<textwidth>425</textwidth>
				<textoffsetx>45</textoffsetx>
				<texturefocus border="12">button_bg.png</texturefocus>
				<texturenofocus border="12">button_bg.png</texturenofocus>
				<colordiffuse>$VAR[ColorDialogVar]</colordiffuse>
				<visible>System.HasAddon(plugin.video.youtube) + [Container.Content(albums) | Container.Content(songs)]</visible>
			</control>
			<control type="button" id="90210">
				<description>Add album as startup playlist button</description>
				<width>510</width>
				<textwidth>425</textwidth>
				<textoffsetx>45</textoffsetx>
				<texturefocus border="12">button_bg.png</texturefocus>
				<texturenofocus border="12">button_bg.png</texturenofocus>
				<colordiffuse>$VAR[ColorDialogVar]</colordiffuse>
				<visible>System.HasAddon(script.playalbum) + Container.Content(albums)</visible>
			</control>
			<control type="button" id="90215">
				<description>ExtendedInfo</description>
				<width>510</width>
				<textwidth>425</textwidth>
				<textoffsetx>45</textoffsetx>
				<texturefocus border="12">button_bg.png</texturefocus>
				<texturenofocus border="12">button_bg.png</texturenofocus>
				<colordiffuse>$VAR[ColorDialogVar]</colordiffuse>
				<visible>[Container.Content(movies) | Container.Content(tvshows)] + System.HasAddon(script.extendedinfo)</visible>
			</control>
			<control type="button" id="90216">
				<description>Add to playlist</description>
				<width>510</width>
				<textwidth>425</textwidth>
				<textoffsetx>45</textoffsetx>
				<texturefocus border="12">button_bg.png</texturefocus>
				<texturenofocus border="12">button_bg.png</texturenofocus>
				<colordiffuse>$VAR[ColorDialogVar]</colordiffuse>
				<visible>[Container.Content(movies) | Container.Content(episodes)] + System.HasAddon(script.simpleplaylists)</visible>
			</control>
			<control type="button" id="90211">
				<description>FS Fanart button</description>
				<width>510</width>
				<textwidth>425</textwidth>
				<textoffsetx>45</textoffsetx>
				<texturefocus border="12">button_bg.png</texturefocus>
				<texturenofocus border="12">button_bg.png</texturenofocus>
				<colordiffuse>$VAR[ColorDialogVar]</colordiffuse>
			</control>
			<control type="button" id="90212">
				<description>Concerts in google maps addon</description>
				<width>510</width>
				<textwidth>425</textwidth>
				<textoffsetx>45</textoffsetx>
				<texturefocus border="12">button_bg.png</texturefocus>
				<texturenofocus border="12">button_bg.png</texturenofocus>
				<colordiffuse>$VAR[ColorDialogVar]</colordiffuse>
				<visible>Container.Content(artists) + System.HasAddon(script.maps.browser)</visible>
			</control>
			<control type="button" id="90213">
				<description>No extra feautures button</description>
				<width>510</width>
				<textwidth>425</textwidth>
				<textoffsetx>45</textoffsetx>
				<texturefocus border="12">button_bg.png</texturefocus>
				<texturenofocus border="12">button_bg.png</texturenofocus>
				<colordiffuse>$VAR[ColorDialogVar]</colordiffuse>
				<visible>![Control.IsVisible(90202) | Control.IsVisible(90203) | Control.IsVisible(90204) | Control.IsVisible(90205) | Control.IsVisible(90206) | Control.IsVisible(90207) | Control.IsVisible(90208) | Control.IsVisible(90209) | Control.IsVisible(90210) | Control.IsVisible(90211) | Control.IsVisible(90212)]</visible>
			</control>
			<control type="image" id="90214">
				<description>background image</description>
				<left>0</left>
				<top>0</top>
				<width>510</width>
				<height>33</height>
				<texture flipy="true" border="12">button_border.png</texture>
				<colordiffuse>$VAR[ColorDialogVar]</colordiffuse>
			</control>
		</control>
		<control type="grouplist" id="90300">
			<left>735</left>
			<top>0</top>
			<width>450</width>
			<height>1080</height>
			<onleft>90300</onleft>
			<onright>90300</onright>
			<onup>90300</onup>
			<ondown>90300</ondown>
			<itemgap>0</itemgap>
			<align>center</align>
			<control type="togglebutton" id="90317">
				<width>450</width>
				<description>User ratings</description>
				<texturefocus>listselect_fo.png</texturefocus>
				<texturenofocus>-</texturenofocus>
				<colordiffuse>$VAR[ColorHighlightVar]</colordiffuse>
				<onclick>Dialog.Close(1119)</onclick>
				<onclick>SendClick(7)</onclick>
				<label>$LOCALIZE[38023]</label>
				<altlabel>$LOCALIZE[31204]</altlabel>
 				<usealttexture>!IsEmpty(ListItem.UserRating)</usealttexture>
				<visible>Container.Content(movies) | Container.Content(tvshows) | Container.Content(episodes) | Container.Content(musicvideos)</visible>
			</control>
			<control type="button" id="90306">
				<description>Rating Update button</description>
				<texturefocus>listselect_fo.png</texturefocus>
				<texturenofocus>-</texturenofocus>
				<colordiffuse>$VAR[ColorHighlightVar]</colordiffuse>
				<onclick>Dialog.Close(1119)</onclick>
				<onclick>RunScript(script.ratingupdate,Single=Movie)</onclick>
				<label>31067</label>
				<visible>System.HasAddon(script.ratingupdate)</visible>
				<visible>Container.Content(movies) | Container.Content(tvshows)</visible>
			</control>
			<control type="button" id="90303">
				<description>Artwork downloader button</description>
				<texturefocus>listselect_fo.png</texturefocus>
				<texturenofocus>-</texturenofocus>
				<colordiffuse>$VAR[ColorHighlightVar]</colordiffuse>
				<onclick>Dialog.Close(1119)</onclick>
				<onclick condition="Container.Content(movies)">RunScript(script.artwork.downloader, mediatype=movie, dbid=$INFO[ListItem.DBID])</onclick>
				<onclick condition="Container.Content(tvshows)">RunScript(script.artwork.downloader, mediatype=tvshow, dbid=$INFO[ListItem.DBID])</onclick>
				<label>$INFO[System.AddonTitle(script.artwork.downloader)]</label>
				<visible>System.HasAddon(script.artwork.downloader) + [Container.Content(movies) | Container.Content(tvshows)]</visible>
			</control>
			<control type="button" id="90304">
				<description>Artwork downloader button</description>
				<texturefocus>listselect_fo.png</texturefocus>
				<texturenofocus>-</texturenofocus>
				<colordiffuse>$VAR[ColorHighlightVar]</colordiffuse>
				<onclick>Dialog.Close(1119)</onclick>
				<onclick condition="Container.Content(movies)">RunScript(script.artwork.downloader, mode=gui, mediatype=movie, dbid=$INFO[ListItem.DBID])</onclick>
				<onclick condition="Container.Content(tvshows)">RunScript(script.artwork.downloader,mode=gui, mediatype=tvshow, dbid=$INFO[ListItem.DBID])</onclick>
				<label>$INFO[System.AddonTitle(script.artwork.downloader),,: $LOCALIZE[413]]</label>
				<visible>System.HasAddon(script.artwork.downloader) + [Container.Content(movies) | Container.Content(tvshows)]</visible>
			</control>
			<control type="button" id="90305">
				<description>Edit button</description>
				<texturefocus>listselect_fo.png</texturefocus>
				<texturenofocus>-</texturenofocus>
				<colordiffuse>$VAR[ColorHighlightVar]</colordiffuse>
				<onclick>Dialog.Close(1119)</onclick>
				<onclick>RunScript(script.libraryeditor,DBID=$INFO[ListItem.DBID])</onclick>
				<label>21435</label>
				<visible>System.HasAddon(script.libraryeditor)</visible>
			</control>
			<control type="button" id="90307">
				<description>TvTunes button</description>
				<texturefocus>listselect_fo.png</texturefocus>
				<texturenofocus>-</texturenofocus>
				<colordiffuse>$VAR[ColorHighlightVar]</colordiffuse>
				<onclick>Dialog.Close(1119)</onclick>
				<onclick>RunScript(script.tvtunes,mode=solo)</onclick>
				<label>$INFO[System.AddonTitle(script.tvtunes)]</label>
				<visible>System.HasAddon(script.tvtunes)</visible>
				<visible>[Container.Content(movies) | Container.Content(tvshows) | Container.Content(musicvideos)] + IsEmpty(Window(movieinformation).Property("TvTunes_HideVideoInfoButton"))</visible>
			</control>
			<control type="button" id="90302">
				<description>Cinema Vision button</description>
				<texturefocus>listselect_fo.png</texturefocus>
				<texturenofocus>-</texturenofocus>
				<colordiffuse>$VAR[ColorHighlightVar]</colordiffuse>
				<label>$INFO[System.AddonTitle(script.cinemavision)]</label>
				<onclick>Dialog.Close(1119)</onclick>
				<onclick>Dialog.Close(MovieInformation)</onclick>
     			<onclick>RunScript(script.cinemavision,experience)</onclick>
    			<visible>System.HasAddon(script.cinemavision) + [Container.Content(movies) | Container.Content(tvshows) | Container.Content(episodes)]</visible>
			</control>
			<control type="button" id="90308">
				<description>VideoExtras button</description>
				<texturefocus>listselect_fo.png</texturefocus>
				<texturenofocus>-</texturenofocus>
				<colordiffuse>$VAR[ColorHighlightVar]</colordiffuse>
				<onclick>Dialog.Close(1119)</onclick>
				<onclick condition="!Container.Content(tvshows)">RunScript(script.videoextras,display,"$INFO[ListItem.FilenameAndPath]")</onclick>
				<onclick condition="Container.Content(tvshows)">RunScript(script.videoextras,display,"$INFO[ListItem.Path]")</onclick>
				<label>$INFO[System.AddonTitle(script.videoextras)]</label>
				<visible>System.HasAddon(script.videoextras)</visible>
				<visible>[Container.Content(movies) | Container.Content(tvshows) | Container.Content(episodes) | Container.Content(musicvideos)]</visible>
			</control>
			<control type="button" id="90309">
				<description>Search YouTube button</description>
				<texturefocus>listselect_fo.png</texturefocus>
				<texturenofocus>-</texturenofocus>
				<colordiffuse>$VAR[ColorHighlightVar]</colordiffuse>
				<onclick>Dialog.Close(all,true)</onclick>
				<onclick>ActivateWindow(videos,$ESCINFO[ListItem.Label,plugin://plugin.video.youtube/kodion/search/query/?q=],return)</onclick>
				<label>$INFO[System.AddonTitle(plugin.video.youtube),$LOCALIZE[137] ]</label>
				<visible>System.HasAddon(plugin.video.youtube) + [Container.Content(albums) | Container.Content(songs)]</visible>
			</control>
			<control type="button" id="90310">
				<description>Add album as startup playlist button</description>
				<texturefocus>listselect_fo.png</texturefocus>
				<texturenofocus>-</texturenofocus>
				<colordiffuse>$VAR[ColorHighlightVar]</colordiffuse>
				<onclick>Dialog.Close(1119)</onclick>
				<onclick>Skin.SetString(Startup_Playlist_Path,RunScript(script.playalbum,albumid=$INFO[ListItem.DBID]))</onclick>
				<label>31089</label>
				<visible>System.HasAddon(script.playalbum) + Container.Content(albums)</visible>
			</control>
			<control type="button" id="90316">
				<description>Add to playlist</description>
				<texturefocus>listselect_fo.png</texturefocus>
				<texturenofocus>-</texturenofocus>
				<colordiffuse>$VAR[ColorHighlightVar]</colordiffuse>
				<onclick>RunPlugin(plugin://script.simpleplaylists/?mode=addCurrentUrl)</onclick>
				<label>31087</label>
				<visible>[Container.Content(movies) | Container.Content(episodes)] + System.HasAddon(script.simpleplaylists)</visible>
			</control>
			<control type="button" id="90315">
				<description>ExtendedInfo</description>
				<texturefocus>listselect_fo.png</texturefocus>
				<texturenofocus>-</texturenofocus>
				<colordiffuse>$VAR[ColorHighlightVar]</colordiffuse>
				<onclick>Dialog.Close(1119)</onclick>	
				<onclick>Dialog.Close(MovieInformation)</onclick>	
				<onclick condition="Container.Content(movies)">RunScript(script.extendedinfo,info=extendedinfo,dbid=$INFO[ListItem.DBID],name=$INFO[ListItem.DBID])</onclick>
				<onclick condition="Container.Content(tvshows)">RunScript(script.extendedinfo,info=extendedtvinfo,dbid=$INFO[ListItem.DBID],name=$INFO[ListItem.DBID])</onclick>
				<label>31081</label>
				<visible>[Container.Content(movies) | Container.Content(tvshows)] + System.HasAddon(script.extendedinfo)</visible>
			</control>
			<control type="button" id="90311">
				<description>FS Fanart button</description>
				<texturefocus>listselect_fo.png</texturefocus>
				<texturenofocus>-</texturenofocus>
				<colordiffuse>$VAR[ColorHighlightVar]</colordiffuse>
				<onclick>SetFocus(90400)</onclick>
				<label>$LOCALIZE[31092]</label>
			</control>
			<control type="button" id="90312">
				<description>Concerts in google maps addon</description>
				<texturefocus>listselect_fo.png</texturefocus>
				<texturenofocus>-</texturenofocus>
				<colordiffuse>$VAR[ColorHighlightVar]</colordiffuse>
				<onclick>RunScript(script.maps.browser,artist=$INFO[ListItem.Artist])</onclick>
				<onclick>Dialog.Close(1119)</onclick>
				<label>$LOCALIZE[31096]</label>
				<visible>Container.Content(artists) + System.HasAddon(script.maps.browser)</visible>
			</control>
			<control type="button" id="90313">
				<description>No extra feautures button</description>
				<texturefocus>listselect_fo.png</texturefocus>
				<texturenofocus>-</texturenofocus>
				<colordiffuse>$VAR[ColorHighlightVar]</colordiffuse>
				<onclick>Dialog.Close(1119)</onclick>
				<label>$LOCALIZE[31075]</label>
				<visible>![Control.IsVisible(90202) | Control.IsVisible(90203) | Control.IsVisible(90204) | Control.IsVisible(90205) | Control.IsVisible(90206) | Control.IsVisible(90207) | Control.IsVisible(90208) | Control.IsVisible(90209) | Control.IsVisible(90210) | Control.IsVisible(90211) | Control.IsVisible(90212)]</visible>
			</control>
		</control>
		<control type="group">
			<visible allowhiddenfocus="true">Control.HasFocus(90400)</visible>
			<include>VisibleFadeEffect</include>
			<control type="button" id="90400">
				<description>FS Fanart button</description>
				<width>FullScreenWidth</width>
				<height>1080</height>
				<texturefocus>-</texturefocus>
				<texturenofocus>-</texturenofocus>
				<onclick>SetFocus(90300)</onclick>
				<label>-</label>
				<hitrect x="0" y="0" w="0" h="0"/>
			</control>
			<control type="image">
				<include>FullscreenDimensions</include>
				<texture>$INFO[ListItem.Art(fanart)]</texture>
			</control>
		</control>
	</controls>
</window>