<?xml version="1.0" encoding="UTF-8"?>
<window>
	<defaultcontrol always="true">20</defaultcontrol>
	<coordinates>
		<system>1</system>
		<left>199</left>
		<top>210</top>
	</coordinates>
	<include>dialogeffect</include>
	<controls>
		<control type="group">
			<include name="DialogBackgroundCommons">
				<param name="DialogBackgroundWidth" value="1522" />
				<param name="DialogBackgroundHeight" value="660" />
				<param name="DialogHeaderLabel" value="$LOCALIZE[20333]" />
				<param name="DialogHeaderId" value="1" />
			</include>
			<control type="group" id="9002">
				<control type="spincontrolex" id="20">
					<description>Content Picker</description>
					<left>31</left>
					<top>88</top>
					<width>1138</width>
					<height>60</height>
					<reverse>yes</reverse>
					<onup>5</onup>
					<ondown>21</ondown>
					<onleft>9001</onleft>
					<onright>9001</onright>
				</control>
				<control type="label">
					<description>Content Picker Header</description>
					<left>31</left>
					<top>88</top>
					<width>1138</width>
					<height>60</height>
					<font>font14</font>
					<label>$LOCALIZE[20344]</label>
					<textcolor>$VAR[ColorTextVar]</textcolor>
					<textoffsetx>15</textoffsetx>
					<visible>!Control.hasFocus(3)</visible>
				</control>
				<control type="label">
					<description>Content Picker Header</description>
					<left>31</left>
					<top>88</top>
					<width>1138</width>
					<height>60</height>
					<font>font14</font>
					<label>$LOCALIZE[20344]</label>
					<textcolor>$VAR[ColorTextVar]</textcolor>
					<textoffsetx>15</textoffsetx>
					<visible>Control.hasFocus(3)</visible>
				</control>
				<control type="list" id="21">
					<left>31</left>
					<top>148</top>
					<width>1138</width>
					<height>240</height>
					<onup>20</onup>
					<onleft>9001</onleft>
					<onright>9001</onright>
					<ondown>5</ondown>
					<pagecontrol>60</pagecontrol>
					<scrolltime tween="quadratic" easing="out">200</scrolltime>
					<itemlayout height="60">
						<control type="image">
							<width>60</width>
							<height>60</height>
							<texture>$INFO[Listitem.Icon]</texture>
							<bordersize>10</bordersize>
						</control>
						<control type="label">
							<left>75</left>
							<top>0</top>
							<width>1000</width>
							<height>60</height>
							<font>font14</font>
							<align>left</align>
							<textcolor>$VAR[ColorTextVar]</textcolor>
							<selectedcolor>$VAR[ColorHighlightVar]</selectedcolor>
							<info>ListItem.Label</info>
						</control>
					</itemlayout>
					<focusedlayout height="60">
						<control type="image">
							<width>1138</width>
							<height>60</height>
							<texture>listselect_fo.png</texture> 
							<colordiffuse>$VAR[ColorHighlightVar]</colordiffuse>
							<visible>Control.HasFocus(21)</visible>
							<include>VisibleFadeEffect</include>
						</control>
						<control type="image">
							<width>60</width>
							<height>60</height>
							<texture>$INFO[Listitem.Icon]</texture>
							<bordersize>10</bordersize>
						</control>
						<control type="label">
							<left>75</left>
							<top>0</top>
							<width>1000</width>
							<height>60</height>
							<font>font14</font>
							<align>left</align>
							<textcolor>$VAR[ColorTextVar]</textcolor>
							<selectedcolor>$VAR[ColorTextVar]</selectedcolor>
							<info>ListItem.Label</info>
						</control>
					</focusedlayout>
				</control>
				<control type="grouplist" id="5">
					<description>control area</description>
					<left>31</left>
					<top>388</top>
					<width>1138</width>
					<height>540</height>
					<itemgap>0</itemgap>
					<onup>21</onup>
					<ondown>20</ondown>
					<onleft>9001</onleft>
					<onright>9001</onright>
				</control>
			</control>
			<control type="button" id="7">
				<description>Default Button</description>
				<left>0</left>
				<top>0</top>
				<height>60</height>
			</control>
			<control type="radiobutton" id="8">
				<description>Default RadioButton</description>
				<left>0</left>
				<top>0</top>
				<height>60</height>
			</control>
			<!-- right group -->
			<control type="group">
				<left>1182</left>
				<top>88</top>
				<control type="grouplist" id="9001">
					<onup>9001</onup>
					<onleft>9002</onleft>
					<onright>9002</onright>
					<ondown>9001</ondown>
					<control type="button" id="28">
						<description>Ok Button</description>
						<width>310</width>
						<align>left</align>
						<textcolor>$VAR[ColorTextVar]</textcolor>
						<focusedcolor>$VAR[ColorTextVar]</focusedcolor>
						<label>186</label>
					</control>
					<control type="button" id="29">
						<description>Cancel Button</description>
						<width>310</width>
						<align>left</align>
						<textcolor>$VAR[ColorTextVar]</textcolor>
						<focusedcolor>$VAR[ColorTextVar]</focusedcolor>
						<label>222</label>
					</control>
					<control type="button" id="22">
						<description>Settings Button</description>
						<width>310</width>
						<align>left</align>
						<textcolor>$VAR[ColorTextVar]</textcolor>
						<focusedcolor>$VAR[ColorTextVar]</focusedcolor>
						<label>5</label>
					</control>
					<control type="image">
						<description>Used Scraper Image</description>
						<width>312</width>
						<height>360</height>
						<aspectratio aligny="bottom">keep</aspectratio>
						<texture background="true">$INFO[ListItem.Icon]</texture>
					</control>
				</control>
			</control>
		</control>
	</controls>
</window>