<?xml version="1.0" encoding="UTF-8"?>
<window type="dialog">
	<defaultcontrol always="true">9000</defaultcontrol>
	<coordinates>
		<system>1</system>
		<left>457</left>
		<top>210</top>
	</coordinates>
	<include>dialogeffect</include>
	<controls>
		<control type="group">
			<animation effect="slide" time="0" start="0,0" end="0,30" condition="!Control.IsVisible(5)">Conditional</animation>
			<control type="group">
				<visible>Control.IsVisible(5)</visible>
				<include name="DialogBackgroundCommons">
					<param name="DialogBackgroundWidth" value="1006" />
					<param name="DialogBackgroundHeight" value="660" />
					<param name="DialogHeaderLabel" value="" />
					<param name="DialogHeaderId" value="" />
				</include>
			</control>
			<control type="group">
				!<visible>!Control.IsVisible(5)</visible>
				<include name="DialogBackgroundCommons">
					<param name="DialogBackgroundWidth" value="1006" />
					<param name="DialogBackgroundHeight" value="600" />
					<param name="DialogHeaderLabel" value="" />
					<param name="DialogHeaderId" value="" />
				</include>
			</control>
			<control type="label" id="1">
				<description>header label</description>
				<top>25</top>
				<width>1006</width>
				<height>40</height>
				<font>font15_title</font>
				<label>$LOCALIZE[13406]</label>
				<textoffsetx>30</textoffsetx>
				<align>center</align>
				<textcolor>$VAR[ColorTextVar]</textcolor>
				<scroll>true</scroll>
				<scrollspeed>20</scrollspeed>
			</control>
			<control type="group" id="9000">
				<control type="list" id="3">
					<left>32</left>
					<top>88</top>
					<width>942</width>
					<height>480</height>
					<onup>3</onup>
					<ondown>3</ondown>
					<onleft>5</onleft>
					<onright>60</onright>
					<pagecontrol>60</pagecontrol>
					<scrolltime tween="quadratic" easing="out">200</scrolltime>
					<itemlayout height="60" width="942">
						<control type="label">
							<width>942</width>
							<height>60</height>
							<textoffsetx>15</textoffsetx>
							<font>font14</font>
							<textcolor>$VAR[ColorTextVar]</textcolor>
							<selectedcolor>$VAR[ColorHighlightVar]</selectedcolor>
							<align>left</align>
							<aligny>center</aligny>
							<label>$INFO[ListItem.Label]</label>
						</control>
						<control type="label">
							<width>942</width>
							<height>60</height>
							<textoffsetx>15</textoffsetx>
							<font>font14</font>
							<textcolor>$VAR[ColorTextVar]</textcolor>
							<selectedcolor>$VAR[ColorHighlightVar]</selectedcolor>
							<align>right</align>
							<aligny>center</aligny>
							<label>$INFO[ListItem.Label2]</label>
						</control>
					</itemlayout>
					<focusedlayout height="60" width="942">
						<control type="image">
							<width>942</width>
							<height>60</height>
							<texture>listselect_fo.png</texture>
							<colordiffuse>$VAR[ColorHighlightVar]</colordiffuse>
							<visible>Control.HasFocus(3)</visible>
							<include>VisibleFadeEffect</include>
						</control>
						<control type="label">
							<width>942</width>
							<height>60</height>
							<textoffsetx>15</textoffsetx>
							<font>font14</font>
							<textcolor>$VAR[ColorTextVar]</textcolor>
							<selectedcolor>$VAR[ColorTextVar]</selectedcolor>
							<scroll>true</scroll>
							<align>left</align>
							<aligny>center</aligny>
							<label>$INFO[ListItem.Label]</label>
						</control>
						<control type="label">
							<width>942</width>
							<height>60</height>
							<textoffsetx>15</textoffsetx>
							<font>font14</font>
							<textcolor>$VAR[ColorTextVar]</textcolor>
							<selectedcolor>$VAR[ColorTextVar]</selectedcolor>
							<align>right</align>
							<aligny>center</aligny>
							<label>$INFO[ListItem.Label2]</label>
						</control>
					</focusedlayout>
				</control>
				<control type="list" id="6">
					<left>32</left>
					<top>88</top>
					<width>942</width>
					<height>480</height>
					<onup>6</onup>
					<ondown>6</ondown>
					<onleft>9001</onleft>
					<onright>60</onright>
					<pagecontrol>60</pagecontrol>
					<scrolltime tween="quadratic" easing="out">200</scrolltime>
					<itemlayout height="120" width="942">
						<control type="image">
							<left>10</left>
							<top>10</top>
							<width>100</width>
							<height>100</height>
							<aspectratio aligny="center" align="center">keep</aspectratio>
							<texture>$INFO[ListItem.Icon]</texture>
						</control>
						<control type="label">
							<left>120</left>
							<top>3</top>
							<width>822</width>
							<height>70</height>
							<font>font30</font>
							<textoffsetx>15</textoffsetx>
							<textcolor>$VAR[ColorTextVar]</textcolor>
							<selectedcolor>$VAR[ColorHighlightVar]</selectedcolor>
							<align>left</align>
							<aligny>center</aligny>
							<label>$INFO[ListItem.Label]</label>
						</control>
						<control type="label">
							<left>120</left>
							<top>52</top>
							<width>822</width>
							<height>60</height>
							<font>font13</font>
							<textoffsetx>15</textoffsetx>
							<textcolor>$VAR[ColorTextVar]</textcolor>
							<selectedcolor>$VAR[ColorHighlightVar]</selectedcolor>
							<aligny>center</aligny>
							<label>$INFO[ListItem.Label2]</label>
							<visible>IsEmpty(ListItem.Property(Addon.Version))</visible>
						</control>
						<control type="label">
							<left>120</left>
							<top>52</top>
							<width>822</width>
							<height>60</height>
							<font>font13</font>
							<textoffsetx>15</textoffsetx>
							<textcolor>$VAR[ColorTextVar]</textcolor>
							<selectedcolor>$VAR[ColorHighlightVar]</selectedcolor>
							<aligny>center</aligny>
							<label>$INFO[ListItem.Property(Addon.Version)]</label>
							<visible>!IsEmpty(ListItem.Property(Addon.Version))</visible>
						</control>
					</itemlayout>
					<focusedlayout height="120" width="942">
						<control type="image">
							<width>942</width>
							<height>120</height>
							<texture>listselect_fo.png</texture>
							<colordiffuse>$VAR[ColorHighlightVar]</colordiffuse>
							<visible>Control.HasFocus(6)</visible>
							<include>VisibleFadeEffect</include>
						</control>
						<control type="image">
							<left>10</left>
							<top>10</top>
							<width>100</width>
							<height>100</height>
							<aspectratio aligny="center" align="center">keep</aspectratio>
							<texture>$INFO[ListItem.Icon]</texture>
						</control>
						<control type="label">
							<left>120</left>
							<top>3</top>
							<width>822</width>
							<height>70</height>
							<font>font30</font>
							<textoffsetx>15</textoffsetx>
							<textcolor>$VAR[ColorTextVar]</textcolor>
							<selectedcolor>$VAR[ColorTextVar]</selectedcolor>
							<align>left</align>
							<aligny>center</aligny>
							<label>$INFO[ListItem.Label]</label>
						</control>
						<control type="label">
							<left>120</left>
							<top>52</top>
							<width>822</width>
							<height>60</height>
							<font>font13</font>
							<textoffsetx>15</textoffsetx>
							<textcolor>$VAR[ColorTextVar]</textcolor>
							<selectedcolor>$VAR[ColorTextVar]</selectedcolor>
							<aligny>center</aligny>
							<label>$INFO[ListItem.Label2]</label>
							<visible>IsEmpty(ListItem.Property(Addon.Version))</visible>
						</control>
						<control type="label">
							<left>120</left>
							<top>52</top>
							<width>822</width>
							<height>60</height>
							<font>font13</font>
							<textoffsetx>15</textoffsetx>
							<textcolor>$VAR[ColorTextVar]</textcolor>
							<selectedcolor>$VAR[ColorTextVar]</selectedcolor>
							<aligny>center</aligny>
							<label>$INFO[ListItem.Property(Addon.Version)]</label>
							<visible>!IsEmpty(ListItem.Property(Addon.Version))</visible>
						</control>
					</focusedlayout>
				</control>
			</control>
			<control type="grouplist" id="9001">
				<left>32</left>
				<top>568</top>
				<height>60</height>
				<onleft>60</onleft>
				<onright condition="Control.IsVisible(3)">3</onright>
				<onright condition="Control.IsVisible(6)">6</onright>
				<ondown>9001</ondown>
				<onup>9001</onup>
				<itemgap>14</itemgap>
				<control type="button" id="5">
					<description>Manual button</description>
					<height>60</height>
					<font>font13</font>
					<width>942</width>
					<label>186</label>
					<texturefocus>listselect_fo.png</texturefocus>
				</control>
			</control>
			<control type="scrollbar" id="60">
				<left>980</left>
				<top>88</top>
				<height>480</height>
				<width>10</width>
				<onleft condition="Control.IsVisible(6)">6</onleft>
				<onleft condition="Control.IsVisible(3)">3</onleft>
				<onright condition="Control.IsVisible(5)">9001</onright>
				<onright condition="!Control.IsVisible(5) + Control.IsVisible(6)">6</onright>
				<onright condition="!Control.IsVisible(5) + Control.IsVisible(3)">3</onright>
				<ondown>60</ondown>
				<onup>60</onup>
			</control>
		</control>
	</controls>
</window>