<?xml version="1.0" encoding="UTF-8"?>
<window>
	<defaultcontrol>-</defaultcontrol>
	<coordinates>
		<system>0</system>
		<left>1825</left>
		<top>0</top>
	</coordinates>
	<animation effect="slide" start="0,-120" end="0,0" time="200">WindowOpen</animation>
	<animation effect="slide" start="0,0" end="0,-120" time="200">WindowClose</animation>
	<controls>
		<control type="group">
			<visible>VideoPlayer.IsFullscreen | Window.IsVisible(visualisation)</visible>
			<control type="image">
				<left>0</left>
				<top>-10</top>
				<width>110</width>
				<height>100</height>
				<texture border="12">dialog_context.png</texture>
				<colordiffuse>$VAR[ColorDialogVar]</colordiffuse>
				<animation effect="rotate" end="-90" center="auto" delay="240" time="640" condition="True">Conditional</animation>
			</control>
			<control type="button">
				<left>2</left>
				<top>21</top>
				<label></label>
				<onclick>Mute</onclick>
				<aligny>top</aligny>
				<height>100</height>
				<width>110</width>
				<align>center</align>
				<font>IconMedium</font>
				<textcolor>$VAR[ColorTextVar]</textcolor>
				<focusedcolor>$VAR[ColorTextVar]</focusedcolor>
				<texturenofocus>-</texturenofocus>
			</control>
		</control>
	</controls>
</window>