<?xml version="1.0" encoding="UTF-8"?>
<window>
	<defaultcontrol always="true">9</defaultcontrol>
	<coordinates>
		<system>1</system>
		<left>122</left>
		<top>254</top>
	</coordinates>
	<include>dialogeffect</include>
	<controls>
		<include name="DialogBackgroundCommons">
			<param name="DialogBackgroundWidth" value="1674" />
			<param name="DialogBackgroundHeight" value="600" />
			<param name="DialogHeaderLabel" value="-" />
			<param name="DialogHeaderId" value="20" />
		</include>
		<!-- left group -->
		<control type="group">
			<left>31</left>
			<top>88</top>
			<control type="grouplist" id="9">
				<description>button area</description>
				<left>0</left>
				<top>0</top>
				<width>310</width>
				<height>480</height>
				<itemgap>0</itemgap>
				<onleft>9001</onleft>
				<onright>2</onright>
				<onup>9</onup>
				<ondown>9</ondown>
				<scrolltime>0</scrolltime>
			</control>
		</control>
		<!-- middle group -->
		<control type="group">
			<left>357</left>
			<top>88</top>
			<control type="grouplist" id="2">
				<description>control area</description>
				<left>0</left>
				<top>0</top>
				<width>960</width>
				<height>480</height>
				<itemgap>0</itemgap>
				<pagecontrol>30</pagecontrol>
				<onleft>9</onleft>
				<onright>30</onright>
				<onup>2</onup>
				<ondown>9001</ondown>
				<scrolltime tween="cubic" easing="out">500</scrolltime>
			</control>
			<control type="scrollbar" id="30">
				<left>963</left>
				<top>0</top>
				<width>10</width>
				<height>480</height>
				<onleft>2</onleft>
				<onright>9001</onright>
				<orientation>vertical</orientation>
			</control>
		</control>
		<!-- right group -->
		<control type="group">
			<left>1333</left>
			<top>88</top>
			<control type="grouplist" id="9001">
				<top>0</top>
				<left>0</left>
				<width>310</width>
				<height>480</height>
				<onleft>2</onleft>
				<onright>9</onright>
				<onup>9001</onup>
				<ondown>9001</ondown>
				<control type="button" id="10">
					<description>OK Button</description>
					<width>310</width>
					<label>186</label>
				</control>
				<control type="button" id="11">
					<description>Cancel Button</description>
					<width>310</width>
					<label>222</label>
				</control>
				<control type="button" id="12">
					<description>Defaults Button</description>
					<width>310</width>
					<label>409</label>
				</control>
			</control>
		</control>
		<control type="button" id="13">
			<description>Default Category Button</description>
			<height>60</height>
			<width>310</width>
			<align>right</align>
			<aligny>center</aligny>
			<font>font14</font>
			<textoffsetx>20</textoffsetx>
			<textcolor>$VAR[ColorTextVar]</textcolor>
		</control>
		<control type="button" id="3">
			<description>Default Button</description>
			<width>960</width>
			<height>60</height>
			<font>font14</font>
			<textcolor>$VAR[ColorTextVar]</textcolor>
			<focusedcolor>$VAR[ColorTextVar]</focusedcolor>
		</control>
		<control type="radiobutton" id="4">
			<description>Default RadioButton</description>
			<width>960</width>
			<height>60</height>
			<font>font14</font>
			<textcolor>$VAR[ColorTextVar]</textcolor>
			<focusedcolor>$VAR[ColorTextVar]</focusedcolor>
			<textwidth>880</textwidth>
		</control>
		<control type="spincontrolex" id="5">
			<description>Default spincontrolex</description>
			<width>960</width>
			<height>60</height>
			<textcolor>$VAR[ColorTextVar]</textcolor>
			<focusedcolor>$VAR[ColorTextVar]</focusedcolor>
			<font>font14</font>
			<aligny>center</aligny>
			<reverse>yes</reverse>
		</control>
		<control type="label" id="7">
			<width>960</width>
			<height>60</height>
			<font>font13_title</font>
			<label>-</label>
			<textcolor>$VAR[ColorHighlightVar]</textcolor>
			<textoffsetx>15</textoffsetx>
		</control>
		<control type="image" id="6">
			<description>Default Separator</description>
			<width>960</width>
			<height>1</height>
			<visible>false</visible>
		</control>
		<control type="sliderex" id="8">
			<description>Default Slider</description>
			<width>960</width>
			<height>60</height>
			<font>font14</font>
			<textcolor>$VAR[ColorTextVar]</textcolor>
			<focusedcolor>$VAR[ColorTextVar]</focusedcolor>
		</control>
	</controls>
</window>