<?xml version="1.0" encoding="UTF-8"?>
<includes>
	<include file="defaults.xml" />
	<include file="Includes_CommonValues.xml" />
	<include file="Includes_Animations.xml" />
	<include file="Includes_Home.xml" />
	<include file="Includes_Menus.xml" />
	<include file="Includes_WidgetContent.xml" />
	<include file="Includes_LiveBG.xml" />
	<include file="IncludesHomeWidgets.xml" />
	<include file="IncludesBackgroundBuilding.xml" />
	<include file="View_50_List.xml" />
	<include file="View_51_InfoWall.xml" />
	<include file="View_52_Thumbnail.xml" />
	<include file="View_53_ShowCase.xml" />
	<include file="View_54_ShowCase.xml" />
	<include file="View_56_Posters.xml" />
	<include file="View_57_Shift.xml" />
	<include file="View_59_Fanart.xml" />
	<include file="View_500_Wall.xml" />
	<include file="View_501_LowList.xml" />
	<include file="View_502_Episode.xml" />
	<include file="View_504_Gallery.xml" />
	<include file="View_505_Panel.xml" />
	<include file="View_507_BigList.xml" />
	<include file="View_508_SongList.xml" />
	<include file="View_509_Wall.xml" />
	<include file="View_511_Logo.xml" />
	<include file="variables.xml" />
	<include file="script-skinshortcuts-includes.xml" />
	<constant name="FanartCrossfadeTime">500</constant>
	<constant name="IconCrossfadeTime">400</constant>
	<constant name="FullScreenWidth">1920</constant>
	<!-- Media Menu -->
	<include name="SideBladeLeft">
		<animation effect="slide" start="440,0" end="0,0" time="400" tween="quadratic" easing="out" condition="IsEmpty(Window(home).Property(MediaMenu))">Conditional</animation>
		<animation effect="slide" start="0,0" end="-440,0" time="400" tween="quadratic" easing="out">WindowClose</animation>
		<!--<top>44</top>-->
		<control type="button">
			<left>-12</left>
			<top>-12</top>
			<width>442</width>
			<height>1104</height>
			<texturefocus border="12">dialog_context.png</texturefocus>
			<texturenofocus border="12">dialog_context.png</texturenofocus>
 			<colordiffuse>$VAR[ColorDialogVar]</colordiffuse>
		</control>
		<control type="button" id="9051">
			<include>HiddenObject</include>
			<onfocus condition="IsEmpty(Window(Home).Property(MediaMenu))">SetProperty(MediaMenu,True,home)</onfocus>
			<onfocus condition="IsEmpty(Window(Home).Property(MediaMenu))">SetFocus(9050)</onfocus>
			<onfocus condition="!IsEmpty(Window(Home).Property(MediaMenu))">ClearProperty(MediaMenu,Home)</onfocus>
			<onfocus condition="!IsEmpty(Window(Home).Property(MediaMenu))">SetFocus(50)</onfocus>
		</control>
		<control type="button">
			<left>420</left>
			<width>30</width>
			<height>1080</height>
			<texturefocus>-</texturefocus>
			<onfocus>SetProperty(MediaMenu,True,home)</onfocus>
			<visible>system.getbool(input.enablemouse) + !Skin.HasSetting(KioskMode.Enabled)</visible>
		</control>
		<include name="SideBladeCloseIcon">
			<param name="CloseIconDialogClose" value="noop" />
			<param name="CloseIconDialogClose2" value="noop" />
			<param name="ClearMediaMenu" value="ClearProperty(MediaMenu,Home)" />
			<param name="CloseIconSetFocus" value="SetFocus(50)" />
			<param name="CloseIconVisibility" value="system.getbool(input.enablemouse) + !Window.IsActive(1118) + !Window.IsActive(1129) + !Window.IsActive(1133)" />
		</include>
	</include>
	<include name="SideBladeCloseIcon">
		<control type="button" id="8999">
			<description>Close Window button</description>
			<left>358</left>
			<top>0</top>
			<width>64</width>
			<height>48</height>
			<label></label>
			<font>IconTiny</font>
			<textcolor>$VAR[ColorTextVar]</textcolor>
			<focusedcolor>$VAR[ColorHighlightVar]</focusedcolor>
			<onclick>$PARAM[CloseIconDialogClose]</onclick>
			<onclick>$PARAM[CloseIconDialogClose2]</onclick>
			<onclick>$PARAM[ClearMediaMenu]</onclick>
			<onclick>$PARAM[CloseIconSetFocus]</onclick>
			<texturefocus>-</texturefocus>
			<texturenofocus>-</texturenofocus>
			<align>center</align>
			<aligny>center</aligny>
			<visible>$PARAM[CloseIconVisibility]</visible>
		</control>
	</include>
	<include name="KioskModeButton">
		<control type="button">
			<description>Kiosk Mode button</description>
			<include>ButtonCommonValues</include>
			<label>-</label>
			<onfocus>ClearProperty(MediaMenu,Home)</onfocus>
			<onfocus>SetFocus(50)</onfocus>
		</control>
	</include>
	<include name="MediaMenuTop">
		<left>0</left>
		<top>10</top>
		<width>400</width>
		<height>1080</height>
		<onleft>9050</onleft>
		<onright>ClearProperty(MediaMenu,Home)</onright>
		<onright condition="![Window.IsVisible(tvguide) | Window.IsActive(SettingsCategory.xml)]">50</onright>
		<onright condition="Window.IsVisible(tvguide)">10</onright>
		<onright condition="Window.IsActive(SettingsCategory.xml)">3</onright>
		<onup>9050</onup>
		<ondown>9050</ondown>
		<onback>ClearProperty(MediaMenu,Home)</onback>
		<onback>50</onback>
		<itemgap>0</itemgap>
		<include condition="Skin.HasSetting(KioskMode.Enabled)">KioskModeButton</include>
		<visible>IsEmpty(Window(home).Property(viewtypeselect)) + !Window.IsVisible(1133)</visible>
		<animation effect="slide" start="-440,0" end="0,0" time="400" tween="quadratic" easing="out">Visible</animation>
		<control type="label" id="200">
			<width>400</width>
			<height>52</height>
			<textoffsetx>15</textoffsetx>
			<font>font13_title</font>
			<label>31006</label>
			<textcolor>$VAR[ColorHighlightVar]</textcolor>
			<aligny>center</aligny>
		</control>
		<control type="button" id="1802">
			<label>$LOCALIZE[31906]</label>
			<label2>$INFO[Container.Viewmode]</label2>
			<include>ButtonCommonValues</include>
			<onclick>SetProperty(viewtypeselect,1,home)</onclick>
			<onclick>ActivateWindow(1118)</onclick>
			<visible>!Window.IsActive(musicplaylisteditor)</visible>
		</control>
		<control type="button" id="3">
			<description>Sort by button</description>
			<include>ButtonCommonValues</include>
			<label>103</label>
			<visible>false</visible>
		</control>
		<control type="togglebutton" id="4">
			<description>Sort asc</description>
			<include>ButtonCommonValues</include>
			<label>31051</label>
			<altlabel>31050</altlabel>
			<usealttexture>Container.SortDirection(Ascending)</usealttexture>
			<visible>false</visible>
		</control>
		<control type="button" id="1801">
			<description>Sort direction</description>
			<include>ButtonCommonValues</include>
			<label>31156</label>
			<label2>$VAR[SortDirection]</label2>
			<onclick>SendClick(4)</onclick>
			<enable>Control.IsEnabled(4)</enable>
		</control>
		<control type="button" id="1800">
			<description>Sort by button</description>
			<include>ButtonCommonValues</include>
			<label>31155</label>
			<label2>$INFO[Container.SortMethod]</label2>
			<onclick>Container.NextSortMethod</onclick>
			<enable>Control.IsEnabled(3)</enable>
		</control>
		<control type="button" id="1804">
			<label>$LOCALIZE[31152]</label>
			<label2>$VAR[ArtLabelVar]</label2>
			<include>ButtonCommonValues</include>
			<onclick>ActivateWindow(1133)</onclick>
			<visible>[Window.IsActive(videolibrary) + [Control.IsVisible(500) | [Control.IsVisible(57) + !Container.Content(seasons) + !Container.Content(addons)] | Control.IsVisible(51) | Control.IsVisible(509) | Control.IsVisible(505)] + !Container.Content(episodes) + !Container.Content(sets) + !Container.Content(addons) + !Container.Content(musicvideos) + !Container.Content(files)] | [Control.IsVisible(507) + [Container.Content(movies) | Container.Content(tvshows) | Container.Content(artists)]] | [Window.IsActive(musiclibrary) + Control.IsVisible(57) + !Container.Content(addons)] | [Control.IsVisible(52) + [Container.Content(movies) | Container.Content(tvshows) | Container.Content(seasons) | Container.Content(sets)]]</visible>
		</control>
		<control type="button" id="1808">
			<label>$LOCALIZE[31152] 2</label>
			<label2>$VAR[Art2LabelVar]</label2>
			<include>ButtonCommonValues</include>
			<onclick>Skin.SetBool(Art2Customizer)</onclick>
			<onclick>ActivateWindow(1133)</onclick>
			<visible>Window.IsActive(videolibrary) + [Control.IsVisible(51) | Control.IsVisible(53)] + !Container.Content(sets) + !Container.Content(seasons) + !Container.Content(addons) + !Container.Content(musicvideos)</visible>
		</control>
		<control type="radiobutton" id="1803">
			<label>31117</label>
			<include>ButtonCommonValues</include>
			<onclick>Skin.ToggleSetting(InfoWall.LargeIcons)</onclick>
			<visible>Window.IsActive(videolibrary) + Control.IsVisible(51) + !Skin.HasSetting(InfoWall.Banners)</visible>
			<selected>Skin.HasSetting(InfoWall.LargeIcons)</selected>
		</control>
		<control type="radiobutton" id="1806">
			<label>31104</label>
			<include>ButtonCommonValues</include>
			<onclick>Skin.ToggleSetting(Disable.ShowcaseInfopanel)</onclick>
			<visible>[Control.IsVisible(53) | Control.IsVisible(54)] + !Container.Content(sets)</visible>
			<selected>!Skin.HasSetting(Disable.ShowcaseInfopanel)</selected>
		</control>
		<control type="radiobutton" id="1805">
			<label>31140</label>
			<include>ButtonCommonValues</include>
			<onclick>Skin.ToggleSetting(Enable.ShiftPlot)</onclick>
			<selected>Skin.HasSetting(Enable.ShiftPlot)</selected>
			<visible>Window.IsActive(videos) + Control.IsVisible(57) + !Container.Content(sets) + !Container.Content(addons)</visible>
		</control>
		<control type="radiobutton" id="1807">
			<label>31151</label>
			<include>ButtonCommonValues</include>
			<onclick>Skin.ToggleSetting(Enable.ShowcaseWrap)</onclick>
			<selected>Skin.HasSetting(Enable.ShowcaseWrap)</selected>
			<visible>Control.IsVisible(53) | Control.IsVisible(54)</visible>
		</control>
		<control type="radiobutton" id="1809">
			<label>31095</label>
			<include>ButtonCommonValues</include>
			<onclick>Skin.ToggleSetting(Enable.SlimList)</onclick>
			<selected>Skin.HasSetting(Enable.SlimList)</selected>
			<visible>Control.IsVisible(50) + ![Window.IsActive(eventlog) | Window.IsActive(tvchannels) | Window.IsActive(tvrecordings) | Window.IsActive(tvtimers) | Window.IsActive(tvsearch) | Window.IsActive(radiochannels) | Window.IsActive(radiorecordings) | Window.IsActive(radiotimers) | Window.IsActive(radiosearch)]</visible>
		</control>
		<control type="radiobutton" id="1899">
			<label>31237</label>
			<include>ButtonCommonValues</include>
			<onclick>Skin.ToggleSetting(Enable.WideList)</onclick>
			<selected>Skin.HasSetting(Enable.WideList)</selected>
			<visible>Control.IsVisible(50) + ![Window.IsActive(eventlog) | Window.IsActive(tvchannels) | Window.IsActive(tvrecordings) | Window.IsActive(tvtimers) | Window.IsActive(tvsearch) | Window.IsActive(radiochannels) | Window.IsActive(radiorecordings) | Window.IsActive(radiotimers) | Window.IsActive(radiosearch)]</visible>
		</control>
	</include>
	<include name="PVRMediaMenu">
		<control type="group">
			<left>-440</left>
			<include>SideBladeLeft</include>
			<control type="grouplist" id="9050">
				<include>MediaMenuTop</include>
				<control type="radiobutton" id="31">
					<description>Filter</description>
					<textwidth>352</textwidth>
					<include>ButtonCommonValues</include>
					<label>587</label>
					<selected>Container.Filtered</selected>
					<onclick>right</onclick>
					<visible>Window.IsActive(TVChannels) | Window.IsActive(RadioChannels)</visible>
				</control>
				<control type="button" id="203">
					<description>View options</description>
					<textwidth>352</textwidth>
					<font>font13_title</font>
					<include>ButtonCommonValues</include>
					<label>31039</label>
					<enable>no</enable>
					<disabledcolor>$VAR[ColorHighlightVar]</disabledcolor>
				</control>
				<control type="button" id="100">
					<description>Channels</description>
					<label>19019</label>
					<textwidth>352</textwidth>
					<include>ButtonCommonValues</include>
					<onclick>ClearProperty(MediaMenu,Home)</onclick>
					<onclick condition="IsEmpty(Window.Property(IsRadio))">ActivateWindow(TVChannels)</onclick>
					<onclick condition="!IsEmpty(Window.Property(IsRadio))">ActivateWindow(RadioChannels)</onclick>
				</control>
				<control type="button" id="101">
					<description>Guide</description>
					<label>22020</label>
					<textwidth>352</textwidth>
					<include>ButtonCommonValues</include>
					<onclick>ClearProperty(MediaMenu,Home)</onclick>
					<onclick condition="IsEmpty(Window.Property(IsRadio))">ActivateWindow(TVGuide)</onclick>
					<onclick condition="!IsEmpty(Window.Property(IsRadio))">ActivateWindow(RadioGuide)</onclick>
				</control>
				<control type="button" id="102">
					<description>Recordings</description>
					<label>19163</label>
					<textwidth>352</textwidth>
					<include>ButtonCommonValues</include>
					<onclick>ClearProperty(MediaMenu,Home)</onclick>
					<onclick condition="IsEmpty(Window.Property(IsRadio))">ActivateWindow(TVRecordings)</onclick>
					<onclick condition="!IsEmpty(Window.Property(IsRadio))">ActivateWindow(RadioRecordings)</onclick>
				</control>
				<control type="button" id="103">
					<description>Timers</description>
					<label>19040</label>
					<textwidth>352</textwidth>
					<include>ButtonCommonValues</include>
					<onclick>ClearProperty(MediaMenu,Home)</onclick>
					<onclick condition="IsEmpty(Window.Property(IsRadio))">ActivateWindow(TVTimers)</onclick>
					<onclick condition="!IsEmpty(Window.Property(IsRadio))">ActivateWindow(RadioTimers)</onclick>
				</control>
				<control type="button" id="104">
					<description>Search</description>
					<label>137</label>
					<textwidth>352</textwidth>
					<include>ButtonCommonValues</include>
					<onclick>ClearProperty(MediaMenu,Home)</onclick>
					<onclick condition="IsEmpty(Window.Property(IsRadio))">ActivateWindow(TVSearch)</onclick>
					<onclick condition="!IsEmpty(Window.Property(IsRadio))">ActivateWindow(RadioSearch)</onclick>
				</control>
				<control type="button" id="201">
					<description>View options</description>
					<textwidth>352</textwidth>
					<font>font13_title</font>
					<include>ButtonCommonValues</include>
					<label>31026</label>
					<enable>no</enable>
					<disabledcolor>$VAR[ColorHighlightVar]</disabledcolor>
				</control>
				<control type="button" id="28">
					<description>Channel Groups</description>
					<textwidth>352</textwidth>
					<include>ButtonCommonValues</include>
					<label>-</label>
				</control>
				<control type="radiobutton" id="5">
					<description>Group recording items by folder structure</description>
					<textwidth>352</textwidth>
					<include>ButtonCommonValues</include>
					<label>19270</label>
					<visible>Window.IsActive(TVRecordings) | Window.IsActive(RadioRecordings)</visible>
				</control>
				<control type="radiobutton" id="6">
					<description>Show hidden channels</description>
					<textwidth>352</textwidth>
					<include>ButtonCommonValues</include>
					<label>19051</label>
					<visible>Window.IsActive(TVChannels) | Window.IsActive(RadioChannels)</visible>
				</control>
				<control type="radiobutton" id="7">
					<description>Show deleted recordings</description>
					<textwidth>352</textwidth>
					<include>ButtonCommonValues</include>
					<label>19184</label>
					<visible>Window.IsActive(TVRecordings) | Window.IsActive(RadioRecordings)</visible>
				</control>
				<include>PlaylistButtons</include>
				<include name="MenuPlayerControls">
					<param name="PlayerControlsOnDown" value="1802" />
				</include>
			</control>
		</control>
	</include>
	<include name="SettingsMediaMenu">
		<control type="group">
			<left>-440</left>
			<include>SideBladeLeft</include>
			<control type="grouplist" id="9050">
				<left>0</left>
				<top>0</top>
				<width>400</width>
				<height>1080</height>
				<onleft>9050</onleft>
				<onright>ClearProperty(MediaMenu,Home)</onright>
				<onright condition="![Window.IsActive(skinsettings) | Window.IsActive(systeminfo) | Window.IsActive(profiles)]">3</onright>
				<onright condition="Window.IsActive(skinsettings) | Window.IsActive(systeminfo)">9000</onright>
				<onright condition="Window.IsActive(profiles)">2</onright>
				<onup>9050</onup>
				<ondown>9050</ondown>
				<onback>ClearProperty(MediaMenu,Home)</onback>
				<onback>3</onback>
				<itemgap>0</itemgap>
				<include condition="Skin.HasSetting(KioskMode.Enabled)">KioskModeButton</include>
				<animation effect="slide" start="-440,0" end="0,0" time="400" tween="quadratic" easing="out">Visible</animation>
				<control type="button" id="201">
					<description>Heading</description>
					<textwidth>352</textwidth>
					<font>font13_title</font>
					<include>ButtonCommonValues</include>
					<label>Category</label>
					<enable>no</enable>
					<disabledcolor>$VAR[ColorHighlightVar]</disabledcolor>
				</control>
				<control type="button" id="202">
					<textwidth>352</textwidth>
					<include>ButtonCommonValues</include>
					<label>480</label>
					<onclick>ClearProperty(MediaMenu,Home)</onclick>
					<onclick>ReplaceWindow(AppearanceSettings)</onclick>
					<onclick>Control.SetFocus(3)</onclick>
				</control>
				<control type="button" id="203">
					<textwidth>352</textwidth>
					<include>ButtonCommonValues</include>
					<label>157</label>
					<onclick>ClearProperty(MediaMenu,Home)</onclick>
					<onclick>ReplaceWindow(MyVideosSettings)</onclick>
					<onclick>Control.SetFocus(3)</onclick>
				</control>
				<control type="button" id="204">
					<textwidth>352</textwidth>
					<include>ButtonCommonValues</include>
					<label>2</label>
					<onclick>ClearProperty(MediaMenu,Home)</onclick>
					<onclick>ReplaceWindow(MyMusicSettings)</onclick>
					<onclick>Control.SetFocus(3)</onclick>
				</control>
				<control type="button" id="205">
					<textwidth>352</textwidth>
					<include>ButtonCommonValues</include>
					<label>19020</label>
					<onclick>ClearProperty(MediaMenu,Home)</onclick>
					<onclick>ReplaceWindow(TVSettings)</onclick>
					<onclick>Control.SetFocus(3)</onclick>
				</control>
				<control type="button" id="206">
					<textwidth>352</textwidth>
					<include>ButtonCommonValues</include>
					<label>1</label>
					<onclick>ClearProperty(MediaMenu,Home)</onclick>
					<onclick>ReplaceWindow(MyPicturesSettings)</onclick>
					<onclick>Control.SetFocus(3)</onclick>
				</control>
				<control type="button" id="207">
					<textwidth>352</textwidth>
					<include>ButtonCommonValues</include>
					<label>20077</label>
					<onclick>ClearProperty(MediaMenu,Home)</onclick>
					<onclick>ReplaceWindow(skinsettings)</onclick>
					<onclick>Control.SetFocus(9000)</onclick>
				</control>
				<control type="button" id="208">
					<textwidth>352</textwidth>
					<include>ButtonCommonValues</include>
					<label>13000</label>
					<onclick>ClearProperty(MediaMenu,Home)</onclick>
					<onclick>ReplaceWindow(SystemSettings)</onclick>
					<onclick>Control.SetFocus(3)</onclick>
				</control>
				<control type="button" id="209">
					<textwidth>352</textwidth>
					<include>ButtonCommonValues</include>
					<label>705</label>
					<onclick>ClearProperty(MediaMenu,Home)</onclick>
					<onclick>ReplaceWindow(ServiceSettings)</onclick>
					<onclick>Control.SetFocus(3)</onclick>
				</control>
				<control type="button" id="210">
					<textwidth>352</textwidth>
					<include>ButtonCommonValues</include>
					<label>24001</label>
					<onclick>ClearProperty(MediaMenu,Home)</onclick>
					<onclick>ReplaceWindow(addonbrowser)</onclick>
				</control>
				<control type="button" id="211">
					<textwidth>352</textwidth>
					<include>ButtonCommonValues</include>
					<label>8</label>
					<onclick>ClearProperty(MediaMenu,Home)</onclick>
					<onclick>ReplaceWindow(MyWeatherSettings)</onclick>
					<onclick>Control.SetFocus(3)</onclick>
				</control>
				<control type="button" id="212">
					<textwidth>352</textwidth>
					<include>ButtonCommonValues</include>
					<label>13200</label>
					<onclick>ClearProperty(MediaMenu,Home)</onclick>
					<onclick>ReplaceWindow(Profiles)</onclick>
					<onclick>Control.SetFocus(2)</onclick>
				</control>
				<control type="button" id="213">
					<textwidth>352</textwidth>
					<include>ButtonCommonValues</include>
					<label>19033</label>
					<onclick>ClearProperty(MediaMenu,Home)</onclick>
					<onclick>ReplaceWindow(systeminfo)</onclick>
					<onclick>Control.SetFocus(9000)</onclick>
				</control>
				<control type="button" id="214">
					<description>Heading</description>
					<textwidth>352</textwidth>
					<font>font13_title</font>
					<include>ButtonCommonValues</include>
					<label>Settings</label>
					<enable>no</enable>
					<disabledcolor>$VAR[ColorHighlightVar]</disabledcolor>
					<visible>Window.IsActive(SettingsCategory.xml)</visible>
				</control>
				<control type="button" id="20">
					<description>Settings level</description>
					<textwidth>352</textwidth>
					<include>ButtonCommonValues</include>
					<label></label>
					<label2>31142</label2>
					<onclick>SettingsLevelChange</onclick>
					<visible>False</visible>
				</control>
				<control type="button" id="215">
					<description>Settings level</description>
					<textwidth>352</textwidth>
					<include>ButtonCommonValues</include>
					<label>Level</label>
					<label2>$INFO[Control.GetLabel(20)]</label2>
					<onclick>SettingsLevelChange</onclick>
					<visible>Window.IsActive(SettingsCategory.xml)</visible>
				</control>
			</control>
		</control>
	</include>
	<include name="MenuPlayerControls">
		<control type="group" id="1810">
			<visible>Player.HasMedia + Control.IsVisible(9050)</visible>
			<control type="label" id="6049">
				<top>5</top>
				<width>400</width>
				<height>52</height>
				<textoffsetx>15</textoffsetx>
				<font>font13_title</font>
				<label>31157</label>
				<textcolor>$VAR[ColorHighlightVar]</textcolor>
				<aligny>center</aligny>
			</control>
			<control type="grouplist" id="6050">
				<animation effect="slide" start="-440,0" end="0,0" time="400" tween="quadratic" easing="out">Visible</animation>
				<top>70</top>
				<left>9</left>
				<height>48</height>
				<width>400</width>
				<align>center</align>
				<itemgap>-10</itemgap>
				<scrolltime tween="sine">200</scrolltime>
				<orientation>horizontal</orientation>
				<onup>614</onup>
				<ondown>$PARAM[PlayerControlsOnDown]</ondown>
				<onleft>6050</onleft>
				<onright>6050</onright>
				<onback>ClearProperty(MediaMenu,Home)</onback>
				<onback>50</onback>
				<control type="button" id="6051">
					<texturefocus>osd/buttons/OSDPrevTrack.png</texturefocus>
					<texturenofocus>osd/buttons/OSDPrevTrack2.png</texturenofocus>
					<label>-</label>
					<width>75</width>
					<height>48</height>
					<font>-</font>
					<onclick>PlayerControl(Previous)</onclick>
					<colordiffuse>$VAR[ColorTextVar]</colordiffuse>
				</control>
				<control type="button" id="6052">
					<texturefocus>osd/buttons/OSDRewind.png</texturefocus>
					<texturenofocus>osd/buttons/OSDRewind2.png</texturenofocus>
					<label>-</label>
					<width>75</width>
					<height>48</height>
					<font>-</font>
					<onclick>PlayerControl(Rewind)</onclick>
					<colordiffuse>$VAR[ColorTextVar]</colordiffuse>
					<enable>Player.SeekEnabled</enable>
				</control>
				<control type="togglebutton" id="6053">
					<texturefocus>osd/buttons/OSDPause.png</texturefocus>
					<texturenofocus>osd/buttons/OSDPause2.png</texturenofocus>
					<alttexturefocus>osd/buttons/OSDPlay.png</alttexturefocus>
					<alttexturenofocus>osd/buttons/OSDPlay2.png</alttexturenofocus>
					<label>-</label>
					<altlabel>208</altlabel>
					<width>75</width>
					<height>48</height>
					<font>-</font>
					<usealttexture>Player.Paused | Player.Forwarding | Player.Rewinding</usealttexture>
					<onclick>PlayerControl(Play)</onclick>
					<colordiffuse>$VAR[ColorTextVar]</colordiffuse>
					<enable>Player.PauseEnabled</enable>
				</control>
				<control type="button" id="6054">
					<texturefocus>osd/buttons/OSDStop.png</texturefocus>
					<texturenofocus>osd/buttons/OSDStop2.png</texturenofocus>
					<label>-</label>
					<width>75</width>
					<height>48</height>
					<font>-</font>
					<onclick>PlayerControl(Stop)</onclick>
					<colordiffuse>$VAR[ColorTextVar]</colordiffuse>
				</control>
				<control type="button" id="6055">
					<texturefocus>osd/buttons/OSDForward.png</texturefocus>
					<texturenofocus>osd/buttons/OSDForward2.png</texturenofocus>
					<label>-</label>
					<width>75</width>
					<height>48</height>
					<font>-</font>
					<onclick>PlayerControl(Forward)</onclick>
					<colordiffuse>$VAR[ColorTextVar]</colordiffuse>
					<enable>Player.SeekEnabled</enable>
				</control>
				<control type="button" id="6056">
					<texturefocus>osd/buttons/OSDNextTrack.png</texturefocus>
					<texturenofocus>osd/buttons/OSDNextTrack2.png</texturenofocus>
					<label>-</label>
					<width>75</width>
					<height>48</height>
					<font>-</font>
					<onclick>PlayerControl(Next)</onclick>
					<colordiffuse>$VAR[ColorTextVar]</colordiffuse>
				</control>
			</control>
		</control>
	</include>
	<!-- Navigation Bar -->
	<include name="Topbar">
		<control type="group">
			<visible>!Control.IsVisible(509)</visible>
			<control type="image">
				<visible>Control.IsVisible(59) | Control.IsVisible(501) | Control.IsVisible(511) | [Window.IsActive(home) + Skin.HasSetting(Enable.HomeTopbar) + [!Skin.HasSetting(Enable.HomeFanartOverlay) | StringCompare(Skin.String(HomeLayout),3)]]</visible>
				<width>FullScreenWidth</width>
				<height>120</height>
				<texture>background.png</texture>
				<colordiffuse>$VAR[ColorBackgroundVar]</colordiffuse>
			</control>
			<control type="group">
				<control type="group">
					<control type="image">
						<top>19</top>
						<left>19</left>
	                    <width>80</width>
	                    <height>80</height>
	                    <texture colordiffuse="33ffffff">background.png</texture>
	                </control>
	                <control type="image">
	                    <top>19</top>
	                    <left>19</left>
	                    <width>80</width>
	                    <height>80</height>
	                    <texture colordiffuse="$VAR[ColorTextVar]">$VAR[HeaderIcon]</texture>
	                    <visible>![Container.Scrolling + stringcompare(Container.SortMethod,$LOCALIZE[369])]</visible>
	                    <visible>!Window.IsVisible(DialogBusy.xml)</visible>
	                    <animation effect="fade" start="0" end="100" time="150">VisibleChange</animation>
	                </control>
	                <control type="label">
	                    <top>17</top>
	                    <left>17</left>
	                    <width>80</width>
	                    <height>80</height>
	                    <font>font35_title</font>
	                    <align>center</align>
	                    <aligny>center</aligny>
	                    <label>$INFO[ListItem.SortLetter,[UPPERCASE],[/UPPERCASE]]</label>
	                    <textcolor>$VAR[ColorTextVar]</textcolor>
	                    <visible>Container.Scrolling + stringcompare(Container.SortMethod,$LOCALIZE[369])</visible>
	                    <visible>!Window.IsVisible(DialogBusy.xml)</visible>
	                    <animation effect="fade" start="0" end="100" time="150">VisibleChange</animation>
	                </control>
	                <control type="image">
	                    <visible>Window.IsVisible(DialogBusy.xml)</visible>
	                    <description>Busy animation</description>
	                    <top>29</top>
	                    <left>29</left>
	                    <width>60</width>
	                    <height>60</height>
	                    <texture colordiffuse="$VAR[ColorTextVar]" fallback="special://skin/extras/spinners/Sun.png">$INFO[Skin.String(busyloader)]</texture>
	                    <aspectratio>keep</aspectratio>
	                    <animation effect="rotate" start="360" end="0" center="auto" time="3000" loop="true" condition="true">conditional</animation>
	                </control>
					<control type="button">
						<left>102</left>
						<top>17</top>
						<width>1715</width>
						<height>80</height>
						<font>topbar_title</font>
						<textoffsetx>15</textoffsetx>
						<textcolor>$VAR[ColorTextVar]</textcolor>
						<align>left</align>
						<aligny>center</aligny>
						<label>$VAR[BreadcrumbsVar]</label>
						<label2>$VAR[TopbarFadeLabel1]</label2>
						<onclick>noop</onclick>
					</control>
					<!-- <control type="button">
						<left>102</left>
						<top>59</top>
						<width>1715</width>
						<height>45</height>
						<font>topbar</font>
						<textoffsetx>15</textoffsetx>
						<textcolor>$VAR[ColorHighlightVar]</textcolor>
						<align>left</align>
						<aligny>center</aligny>
						<label>$VAR[HeaderSubLabel]</label>
						<label2>$VAR[TopbarFadeLabel2]</label2>
						<onclick>noop</onclick>
					</control> -->
				</control>
			</control>
			<control type="image">
				<description>avatar</description>
				<left>1821</left>
				<top>19</top>
				<width>80</width>
				<height>80</height>
				<aspectratio align="center" aligny="center">keep</aspectratio>
				<texture>$VAR[HomeNowPlayingThumbVar]</texture>
			</control>
		</control>
		<!--<control type="group">
			<visible>!Control.IsVisible(509)</visible>
			<left>1100</left>
			<top>0</top>
			<control type="group">
				<control type="image">
					<description>avatar</description>
					<left>721</left>
					<top>19</top>
					<width>80</width>
					<height>80</height>
					<aspectratio align="center" aligny="center">keep</aspectratio>
					<texture fallback="DefaultVideoCover.png">$VAR[HomeNowPlayingThumbVar]</texture>
				</control>
			</control>
		</control>-->
	</include>
	<include name="DialogBackgroundCommons">
		<control type="image">
			<description>background image</description>
			<left>0</left>
			<top>0</top>
			<width>$PARAM[DialogBackgroundWidth]</width>
			<height>$PARAM[DialogBackgroundHeight]</height>
			<texture border="12">dialog_context.png</texture>
			<colordiffuse>$VAR[ColorDialogVar]</colordiffuse>
		</control>
		<control type="label" id="$PARAM[DialogHeaderId]">
			<description>header label</description>
			<top>25</top>
			<width>$PARAM[DialogBackgroundWidth]</width>
			<height>40</height>
			<font>font15_title</font>
			<label>$PARAM[DialogHeaderLabel]</label>
			<textoffsetx>30</textoffsetx>
			<align>center</align>
			<textcolor>$VAR[ColorTextVar]</textcolor>
			<scroll>true</scroll>
			<scrollspeed>20</scrollspeed>
		</control>
	</include>
	<include name="AutoComplete">
		<control type="group">
			<visible>!IsEmpty(Control.GetLabel(312).index(1)) + !Control.IsVisible(313)</visible>
			<top>563</top>
			<control type="group">
				<animation effect="fade" time="300" tween="cubic" start="0" end="100" reversible="false" condition="!IsEmpty(Container(5000).ListItem.Label)">Conditional</animation>
				<animation effect="fade" time="150" tween="cubic" start="100" end="0" reversible="false" condition="IsEmpty(Container(5000).ListItem.Label)">Conditional</animation>
				<include name="DialogBackgroundCommons">
					<param name="DialogBackgroundWidth" value="1320" />
					<param name="DialogBackgroundHeight" value="220" />
				</include>
			</control>
			<control type="panel" id="5000">
				<left>35</left>
				<top>30</top>
				<width>1280</width>
				<height>160</height>
				<onleft>5000</onleft>
				<onright>5000</onright>
				<onup>4000</onup>
				<ondown>4000</ondown>
				<onback>noop</onback>
				<orientation>vertical</orientation>
				<scrolltime tween="quadratic" easing="out">200</scrolltime>
				<itemlayout height="80" width="315">
					<control type="image">
						<top>5</top>
						<width>305</width>
						<height>70</height>
						<texture colordiffuse="white11">white.png</texture>
					</control>
					<control type="label">
						<top>5</top>
						<width>305</width>
						<height>70</height>
						<align>center</align>
						<textcolor>grey</textcolor>
						<textoffsetx>5</textoffsetx>
						<font>font14</font>
						<label>$INFO[ListItem.Label]</label>
					</control>
				</itemlayout>
				<focusedlayout height="80" width="315">
					<control type="image">
						<top>5</top>
						<width>305</width>
						<height>70</height>
						<texture colordiffuse="$VAR[ColorHighlightVar]">listselect_fo.png</texture>
						<visible>Control.HasFocus(5000)</visible>
					</control>
					<control type="label">
						<top>5</top>
						<width>305</width>
						<height>70</height>
						<align>center</align>
						<textoffsetx>5</textoffsetx>
						<font>font14</font>
						<label>$INFO[ListItem.Label]</label>
					</control>
				</focusedlayout>
				<content>plugin://plugin.program.autocompletion?info=autocomplete&amp;&amp;id=$INFO[Control.GetLabel(312).index(1)]&amp;&amp;limit=8</content>
			</control>
		</control>
	</include>
	<include name="Scrollbar_Vertical">
		<control type="scrollbar" id="60">
			<visible allowhiddenfocus="true">Control.HasFocus(60) | Container.Scrolling</visible>
			<animation effect="fade" time="300" tween="sine" easing="inout" start="0" end="100">Visible</animation>
			<left>1910</left>
			<top>0</top>
			<width>10</width>
			<height>1080</height>
			<onleft condition="![Window.IsActive(addoninformation) | Window.IsActive(settings)]">50</onleft>
			<onleft condition="Window.IsActive(addoninformation) | Window.IsActive(settings)">9000</onleft>
			<onright condition="![Window.IsActive(addoninformation) | Window.IsActive(settings)]">50</onright>
			<onright condition="Window.IsActive(addoninformation) | Window.IsActive(settings)">9000</onright>
			<ondown>60</ondown>
			<onup>60</onup>
		</control>
	</include>
	<include name="Scrollbar_Horizontal">
		<control type="scrollbar" id="60">
			<visible allowhiddenfocus="true">Control.HasFocus(60) | Container.Scrolling</visible>
			<animation effect="fade" time="300" tween="sine" easing="inout" start="0" end="100">Visible</animation>
	        <left>0</left>
	        <top>1070</top>
	        <width>FullScreenWidth</width>
	        <height>10</height>
	        <onup>50</onup>
	        <ondown>50</ondown>
	        <onleft>60</onleft>
	        <onright>60</onright>
	        <orientation>horizontal</orientation>
	    </control>
	</include>
	<include name="OverlayIcons">
		<control type="group">
            <left>$PARAM[OverlayLeft]</left>
            <top>$PARAM[OverlayTop]</top>
            <control type="image">
                <width>60</width>
                <height>60</height>
                <texture colordiffuse="$VAR[ColorHighlightVar]">$VAR[OverlayBGVar]</texture>
                <aspectratio align="center" aligny="top">keep</aspectratio>
            </control>
            <control type="image">
            	<top>2</top>
            	<left>2</left>
                <width>56</width>
                <height>56</height>
                <texture colordiffuse="ffffffff">$VAR[OverlayVar]</texture>
                <aspectratio align="center" aligny="top">keep</aspectratio>
            </control>
        </control>
    </include>
    <include name="PlaylistButtons">
    	<control type="button" id="612">
			<label>31926</label>
			<include>ButtonCommonValues</include>
			<onclick>ClearProperty(MediaMenu,Home)</onclick>
			<onclick condition="Player.HasVideo">ActivateWindow(fullscreenvideo)</onclick>
			<onclick condition="Player.HasAudio">ActivateWindow(visualisation)</onclick>
			<visible>Player.HasMedia</visible>
		</control>
		<control type="button" id="613">
			<description>Go to playlist</description>
			<include>ButtonCommonValues</include>
			<label>31193</label>
			<onclick>ClearProperty(MediaMenu,Home)</onclick>
			<onclick>ActivateWindow(musicplaylist)</onclick>
			<visible>!StringCompare(Playlist.Length(music),0)</visible>
			<enable>!Window.IsActive(musicplaylist)</enable>
		</control>
		<control type="button" id="614">
			<description>Go to playlist</description>
			<include>ButtonCommonValues</include>
			<label>31194</label>
			<onclick>ClearProperty(MediaMenu,Home)</onclick>
			<onclick>ActivateWindow(videoplaylist)</onclick>
			<visible>!StringCompare(Playlist.Length(video),0)</visible>
			<enable>!Window.IsActive(videoplaylist)</enable>
		</control>
    </include>
    <include name="HiddenActorList">
		<control type="list" id="50">
			<include>HiddenList</include>
			<orientation>horizontal</orientation>
		</control>
	</include>
    <include name="DefaultActorList">
    	<control type="panel" id="50">
			<animation effect="fade" time="300" delay="0" tween="sine" easing="inout" start="0" end="100">Visible</animation>
			<visible>ControlGroup(9000).HasFocus(555)</visible>
			<left>-3</left>
			<top>557</top>
			<width>1156</width>
			<height>418</height>
			<onleft>50</onleft>
			<onright>50</onright>
			<onup>9000</onup>
			<viewtype label="">list</viewtype>
			<scrolltime tween="quadratic" easing="out">300</scrolltime>
			<orientation>horizontal</orientation>
			<itemlayout height="418" width="289">
				<control type="image">
					<top>6</top>
					<left>6</left>
					<width>277</width>
					<height>406</height>
					<aspectratio align="center" aligny="center">scale</aspectratio>
					<texture fallback="default_Actor.png" background="true">$INFO[ListItem.Art(thumb)]</texture>
				</control>
				<control type="image">
					<top>6</top>
					<left>6</left>
					<width>277</width>
					<height>406</height>
					<texture>thumbs/diffuse.png</texture>
				</control>
				<control type="image">
					<top>317</top>
					<left>6</left>
					<width>277</width>
					<height>95</height>
					<texture>black.png</texture>
					<colordiffuse>bbffffff</colordiffuse>
				</control>
				<control type="textbox">
					<left>16</left>
					<top>319</top>
					<width>257</width>
					<height>90</height>
					<font>font_Actor</font>
					<textcolor>$VAR[ColorTextVar]</textcolor>
					<selectedcolor>$VAR[ColorHighlightVar]</selectedcolor>
					<label>$INFO[ListItem.Label]$INFO[ListItem.Label2, $LOCALIZE[20347] ,]</label>
				</control>
			</itemlayout>
			<focusedlayout height="418" width="289">
				<control type="group">
					<include>PanelFocusedItemZoom</include>
					<control type="image">
						<top>6</top>
						<left>6</left>
						<width>277</width>
						<height>406</height>
						<aspectratio align="center" aligny="center">scale</aspectratio>
						<texture fallback="default_Actor.png" background="true">$INFO[ListItem.Art(thumb)]</texture>
					</control>
					<control type="image">
						<animation center="auto" condition="Control.HasFocus(50)" easing="inout" effect="fade" end="0" start="100" time="300" tween="sine">Focus</animation>
						<animation center="auto" condition="Control.HasFocus(50)" easing="inout" effect="fade" end="100" start="0" time="300" tween="sine">UnFocus</animation>
						<top>6</top>
						<left>6</left>
						<width>277</width>
						<height>406</height>
						<texture>thumbs/diffuse.png</texture>
					</control>
					<control type="image">
						<top>317</top>
						<left>6</left>
						<width>277</width>
						<height>95</height>
						<texture>black.png</texture>
						<colordiffuse>bbffffff</colordiffuse>
					</control>
					<control type="textbox">
						<left>16</left>
						<top>319</top>
						<width>257</width>
						<height>90</height>
						<font>font_Actor</font>
						<selectedcolor>$VAR[ColorHighlightVar]</selectedcolor>
						<label>$INFO[ListItem.Label]$INFO[ListItem.Label2, $LOCALIZE[20347] ,]</label>
						<autoscroll time="3000" delay="4000" repeat="5000">Skin.HasSetting(Enable.AutoScroll)</autoscroll>
					</control>
				</control>
			</focusedlayout>
		</control>
    </include>
    <include name="ExtendedActorList">
    	<control type="panel" id="90019">
			<animation effect="fade" time="300" delay="0" tween="sine" easing="inout" start="0" end="100">Visible</animation>
			<visible>ControlGroup(9000).HasFocus(555)</visible>
			<left>-3</left>
			<top>557</top>
			<onup>9000</onup>
			<onleft>90019</onleft>
			<onright>90019</onright>
			<width>1156</width>
			<height>418</height>
			<pagecontrol>60</pagecontrol>
			<viewtype label="">list</viewtype>
			<scrolltime tween="quadratic" easing="out">300</scrolltime>
			<orientation>horizontal</orientation>
			<itemlayout height="418" width="289">
				<control type="image">
					<top>6</top>
					<left>6</left>
					<width>277</width>
					<height>406</height>
					<aspectratio align="center" aligny="center">scale</aspectratio>
					<texture fallback="default_Actor.png" background="true">$INFO[ListItem.Icon]</texture>
				</control>
				<control type="image">
					<top>6</top>
					<left>6</left>
					<width>277</width>
					<height>406</height>
					<texture>thumbs/diffuse.png</texture>
				</control>
				<control type="image">
					<top>317</top>
					<left>6</left>
					<width>277</width>
					<height>95</height>
					<texture>black.png</texture>
					<colordiffuse>bbffffff</colordiffuse>
				</control>
				<control type="textbox">
					<left>16</left>
					<top>319</top>
					<width>257</width>
					<height>90</height>
					<font>font_Actor</font>
					<textcolor>$VAR[ColorTextVar]</textcolor>
					<selectedcolor>$VAR[ColorHighlightVar]</selectedcolor>
					<label>$INFO[ListItem.Label]$INFO[ListItem.Label2, $LOCALIZE[20347] ,]</label>
				</control>
			</itemlayout>
			<focusedlayout height="418" width="289">
				<control type="group">
					<include>PanelFocusedItemZoom</include>
					<control type="image">
						<top>6</top>
						<left>6</left>
						<width>277</width>
						<height>406</height>
						<aspectratio align="center" aligny="center">scale</aspectratio>
						<texture fallback="default_Actor.png" background="true">$INFO[ListItem.Icon]</texture>
					</control>
					<control type="image">
						<animation center="auto" condition="Control.HasFocus(50)" easing="inout" effect="fade" end="0" start="100" time="300" tween="sine">Focus</animation>
						<animation center="auto" condition="Control.HasFocus(50)" easing="inout" effect="fade" end="100" start="0" time="300" tween="sine">UnFocus</animation>
						<top>6</top>
						<left>6</left>
						<width>277</width>
						<height>406</height>
						<texture>thumbs/diffuse.png</texture>
					</control>
					<control type="image">
						<top>317</top>
						<left>6</left>
						<width>277</width>
						<height>95</height>
						<texture>black.png</texture>
						<colordiffuse>bbffffff</colordiffuse>
					</control>
					<control type="textbox">
						<left>16</left>
						<top>319</top>
						<width>257</width>
						<height>90</height>
						<font>font_Actor</font>
						<selectedcolor>$VAR[ColorHighlightVar]</selectedcolor>
						<label>$INFO[ListItem.Label]$INFO[ListItem.Label2, $LOCALIZE[20347] ,]</label>
						<autoscroll time="3000" delay="4000" repeat="5000">Skin.HasSetting(Enable.AutoScroll)</autoscroll>
					</control>
				</control>
			</focusedlayout>
			<content>
				<item>
					<label>$INFO[Container(50).ListItemAbsolute(0).Label]</label>
					<label2>$INFO[Container(50).ListItemAbsolute(0).Label2]</label2>
					<icon>$INFO[Container(50).ListItemAbsolute(0).Art(thumb)]</icon>
					<onclick>SetProperty(ActorID,0)</onclick>
					<onclick>SetProperty(ActorName,$INFO[Container(50).ListItemAbsolute(0).Label])</onclick>
					<onclick>ActivateWindow(1130)</onclick>
					<visible>!IsEmpty(Container(50).ListItemAbsolute(0).Label)</visible>
				</item>
				<item>
					<label>$INFO[Container(50).ListItemAbsolute(1).Label]</label>
					<label2>$INFO[Container(50).ListItemAbsolute(1).Label2]</label2>
					<icon>$INFO[Container(50).ListItemAbsolute(1).Art(thumb)]</icon>
					<onclick>SetProperty(ActorID,1)</onclick>
					<onclick>SetProperty(ActorName,$INFO[Container(50).ListItemAbsolute(1).Label])</onclick>
					<onclick>ActivateWindow(1130)</onclick>
					<visible>!IsEmpty(Container(50).ListItemAbsolute(1).Label)</visible>
				</item>
				<item>
					<label>$INFO[Container(50).ListItemAbsolute(2).Label]</label>
					<label2>$INFO[Container(50).ListItemAbsolute(2).Label2]</label2>
					<icon>$INFO[Container(50).ListItemAbsolute(2).Art(thumb)]</icon>
					<onclick>SetProperty(ActorID,2)</onclick>
					<onclick>SetProperty(ActorName,$INFO[Container(50).ListItemAbsolute(2).Label])</onclick>
					<onclick>ActivateWindow(1130)</onclick>
					<visible>!IsEmpty(Container(50).ListItemAbsolute(2).Label)</visible>
				</item>
				<item>
					<label>$INFO[Container(50).ListItemAbsolute(3).Label]</label>
					<label2>$INFO[Container(50).ListItemAbsolute(3).Label2]</label2>
					<icon>$INFO[Container(50).ListItemAbsolute(3).Art(thumb)]</icon>
					<onclick>SetProperty(ActorID,3)</onclick>
					<onclick>SetProperty(ActorName,$INFO[Container(50).ListItemAbsolute(3).Label])</onclick>
					<onclick>ActivateWindow(1130)</onclick>
					<visible>!IsEmpty(Container(50).ListItemAbsolute(3).Label)</visible>
				</item>
				<item>
					<label>$INFO[Container(50).ListItemAbsolute(4).Label]</label>
					<label2>$INFO[Container(50).ListItemAbsolute(4).Label2]</label2>
					<icon>$INFO[Container(50).ListItemAbsolute(4).Art(thumb)]</icon>
					<onclick>SetProperty(ActorID,4)</onclick>
					<onclick>SetProperty(ActorName,$INFO[Container(50).ListItemAbsolute(4).Label])</onclick>
					<onclick>ActivateWindow(1130)</onclick>
					<visible>!IsEmpty(Container(50).ListItemAbsolute(4).Label)</visible>
				</item>
				<item>
					<label>$INFO[Container(50).ListItemAbsolute(5).Label]</label>
					<label2>$INFO[Container(50).ListItemAbsolute(5).Label2]</label2>
					<icon>$INFO[Container(50).ListItemAbsolute(5).Art(thumb)]</icon>
					<onclick>SetProperty(ActorID,5)</onclick>
					<onclick>SetProperty(ActorName,$INFO[Container(50).ListItemAbsolute(5).Label])</onclick>
					<onclick>ActivateWindow(1130)</onclick>
					<visible>!IsEmpty(Container(50).ListItemAbsolute(5).Label)</visible>
				</item>
				<item>
					<label>$INFO[Container(50).ListItemAbsolute(6).Label]</label>
					<label2>$INFO[Container(50).ListItemAbsolute(6).Label2]</label2>
					<icon>$INFO[Container(50).ListItemAbsolute(6).Art(thumb)]</icon>
					<onclick>SetProperty(ActorID,6)</onclick>
					<onclick>SetProperty(ActorName,$INFO[Container(50).ListItemAbsolute(6).Label])</onclick>
					<onclick>ActivateWindow(1130)</onclick>
					<visible>!IsEmpty(Container(50).ListItemAbsolute(6).Label)</visible>
				</item>
				<item>
					<label>$INFO[Container(50).ListItemAbsolute(7).Label]</label>
					<label2>$INFO[Container(50).ListItemAbsolute(7).Label2]</label2>
					<icon>$INFO[Container(50).ListItemAbsolute(7).Art(thumb)]</icon>
					<onclick>SetProperty(ActorID,7)</onclick>
					<onclick>SetProperty(ActorName,$INFO[Container(50).ListItemAbsolute(7).Label])</onclick>
					<onclick>ActivateWindow(1130)</onclick>
					<visible>!IsEmpty(Container(50).ListItemAbsolute(7).Label)</visible>
				</item>
				<item>
					<label>$INFO[Container(50).ListItemAbsolute(8).Label]</label>
					<label2>$INFO[Container(50).ListItemAbsolute(8).Label2]</label2>
					<icon>$INFO[Container(50).ListItemAbsolute(8).Art(thumb)]</icon>
					<onclick>SetProperty(ActorID,8)</onclick>
					<onclick>SetProperty(ActorName,$INFO[Container(50).ListItemAbsolute(8).Label])</onclick>
					<onclick>ActivateWindow(1130)</onclick>
					<visible>!IsEmpty(Container(50).ListItemAbsolute(8).Label)</visible>
				</item>
				<item>
					<label>$INFO[Container(50).ListItemAbsolute(9).Label]</label>
					<label2>$INFO[Container(50).ListItemAbsolute(9).Label2]</label2>
					<icon>$INFO[Container(50).ListItemAbsolute(9).Art(thumb)]</icon>
					<onclick>SetProperty(ActorID,9)</onclick>
					<onclick>SetProperty(ActorName,$INFO[Container(50).ListItemAbsolute(9).Label])</onclick>
					<onclick>ActivateWindow(1130)</onclick>
					<visible>!IsEmpty(Container(50).ListItemAbsolute(9).Label)</visible>
				</item>
				<item>
					<label>$INFO[Container(50).ListItemAbsolute(10).Label]</label>
					<label2>$INFO[Container(50).ListItemAbsolute(10).Label2]</label2>
					<icon>$INFO[Container(50).ListItemAbsolute(10).Art(thumb)]</icon>
					<onclick>SetProperty(ActorID,10)</onclick>
					<onclick>SetProperty(ActorName,$INFO[Container(50).ListItemAbsolute(10).Label])</onclick>
					<onclick>ActivateWindow(1130)</onclick>
					<visible>!IsEmpty(Container(50).ListItemAbsolute(10).Label)</visible>
				</item>
				<item>
					<label>$INFO[Container(50).ListItemAbsolute(11).Label]</label>
					<label2>$INFO[Container(50).ListItemAbsolute(11).Label2]</label2>
					<icon>$INFO[Container(50).ListItemAbsolute(11).Art(thumb)]</icon>
					<onclick>SetProperty(ActorID,11)</onclick>
					<onclick>SetProperty(ActorName,$INFO[Container(50).ListItemAbsolute(11).Label])</onclick>
					<onclick>ActivateWindow(1130)</onclick>
					<visible>!IsEmpty(Container(50).ListItemAbsolute(11).Label)</visible>
				</item>
				<item>
					<label>$INFO[Container(50).ListItemAbsolute(12).Label]</label>
					<label2>$INFO[Container(50).ListItemAbsolute(12).Label2]</label2>
					<icon>$INFO[Container(50).ListItemAbsolute(12).Art(thumb)]</icon>
					<onclick>SetProperty(ActorID,12)</onclick>
					<onclick>SetProperty(ActorName,$INFO[Container(50).ListItemAbsolute(12).Label])</onclick>
					<onclick>ActivateWindow(1130)</onclick>
					<visible>!IsEmpty(Container(50).ListItemAbsolute(12).Label)</visible>
				</item>
				<item>
					<label>$INFO[Container(50).ListItemAbsolute(13).Label]</label>
					<label2>$INFO[Container(50).ListItemAbsolute(13).Label2]</label2>
					<icon>$INFO[Container(50).ListItemAbsolute(13).Art(thumb)]</icon>
					<onclick>SetProperty(ActorID,13)</onclick>
					<onclick>SetProperty(ActorName,$INFO[Container(50).ListItemAbsolute(13).Label])</onclick>
					<onclick>ActivateWindow(1130)</onclick>
					<visible>!IsEmpty(Container(50).ListItemAbsolute(13).Label)</visible>
				</item>
				<item>
					<label>$INFO[Container(50).ListItemAbsolute(14).Label]</label>
					<label2>$INFO[Container(50).ListItemAbsolute(14).Label2]</label2>
					<icon>$INFO[Container(50).ListItemAbsolute(14).Art(thumb)]</icon>
					<onclick>SetProperty(ActorID,14)</onclick>
					<onclick>SetProperty(ActorName,$INFO[Container(50).ListItemAbsolute(14).Label])</onclick>
					<onclick>ActivateWindow(1130)</onclick>
					<visible>!IsEmpty(Container(50).ListItemAbsolute(14).Label)</visible>
				</item>
			</content>
		</control>
    </include>
    <include name="MediaFlags">
    	<control type="grouplist">
			<left>$PARAM[left]</left>
			<top>$PARAM[top]</top>
			<width>800</width>
			<height>80</height>
			<itemgap>20</itemgap>
			<align>$PARAM[align]</align>
			<orientation>horizontal</orientation>
			<include>VisibleFadeEffect</include>
			<control type="image">
				<height>80</height>
				<include>MediaFlagVars</include>
				<texture>$INFO[ListItem.VideoResolution,flags/resolution/,.png]</texture>
				<visible>!IsEmpty(ListItem.VideoResolution) + ![Container.Content(tvshows) | Container.Content(seasons)]</visible>
			</control>
			<control type="image">
				<height>80</height>
				<include>MediaFlagVars</include>
				<texture>$VAR[SourceFlagVar,flags/video/,.png]</texture>
				<visible>!IsEmpty(ListItem.VideoCodec) + ![Container.Content(tvshows) | Container.Content(seasons)]</visible>
			</control>
			<control type="image">
				<height>80</height>
				<include>MediaFlagVars</include>
				<texture>$INFO[ListItem.VideoAspect,flags/aspectratio/,.png]</texture>
				<visible>!IsEmpty(ListItem.VideoAspect) + ![Container.Content(tvshows) | Container.Content(seasons) | Control.IsVisible(500) | Control.IsVisible(57) | Control.IsVisible(56) | Control.IsVisible(501)]</visible>
			</control>
			<control type="image">
				<height>80</height>
				<include>MediaFlagVars</include>
				<texture>$INFO[ListItem.AudioCodec,flags/audio/,.png]</texture>
				<visible>!IsEmpty(ListItem.AudioCodec) + ![Container.Content(tvshows) | Container.Content(seasons)]</visible>
			</control>
			<control type="image">
				<height>80</height>
				<width>100</width>
				<include>MediaFlagVars</include>
				<texture>$INFO[ListItem.AudioChannels,flags/channels/,.png]</texture>
				<visible>!IsEmpty(ListItem.AudioChannels) + ![Container.Content(tvshows) | Container.Content(seasons) | Control.IsVisible(500) | Control.IsVisible(57) | Control.IsVisible(56)]</visible>
			</control>
			<control type="image">
				<height>80</height>
				<include>MediaFlagVars</include>
				<texture>resource://resource.images.studios.white/$INFO[ListItem.Studio,,.png]</texture>
				<visible>[Container.Content(tvshows) | Container.Content(seasons)] + !Window.IsVisible(movieinformation)</visible>
			</control>
			<control type="image">
				<height>80</height>
				<include>MediaFlagVars</include>
				<texture fallback="flags/mpaa/NR.png">$VAR[RatingFlagVar]</texture>
				<visible>[Container.Content(tvshows) | Container.Content(seasons)] + !Window.IsVisible(movieinformation)</visible>
			</control>
		</control>
    </include>
</includes>
