<?xml version="1.0" encoding="UTF-8"?>
<includes>
	<!-- ######## -->
	<!-- Defaults -->
	<!-- ######## -->
	<include name="FullscreenDimensions">
		<left>0</left>
		<top>0</top>
		<width>FullScreenWidth</width>
		<height>1080</height>
	</include>
	<include name="HiddenObject">
		<left>-300</left>
		<top>-300</top>
		<width>1</width>
		<height>1</height>
		<texturefocus>-</texturefocus>
		<texturenofocus>-</texturenofocus>
		<label>-</label>
		<font>-</font>
	</include>
	<include name="HiddenList">
		<left>-100</left>
		<top>-100</top>
		<width>100</width>
		<height>100</height>
		<itemlayout height="100" width="100" />
		<focusedlayout height="100" width="100" />
	</include>
	<!-- Buttons -->
	<include name="ButtonTopbarCommonvalues">
		<height>60</height>
		<width>60</width>
		<align>center</align>
		<aligny>top</aligny>
		<textoffsety>3</textoffsety>
		<font>IconSmall</font>
		<textcolor>$VAR[ColorTextVar]</textcolor>
		<focusedcolor>$VAR[ColorTextVar]</focusedcolor>
		<texturenofocus>-</texturenofocus>
		<alttexturenofocus>-</alttexturenofocus>
	</include>
	<include name="ButtonCommonValues">
		<width>400</width>
		<height>60</height>
		<textoffsetx>15</textoffsetx>
		<textcolor>$VAR[ColorTextVar]</textcolor>
		<focusedcolor>$VAR[ColorTextVar]</focusedcolor>
		<textwidth>300</textwidth>
		<aligny>center</aligny>
		<font>font13</font>
		<radioposx>340</radioposx>
		<colordiffuse>$VAR[ColorHighlightVar]</colordiffuse>
	</include>
	<include name="ButtonInfoDialogsCommonValues">
		<height>60</height>
		<width>240</width>
		<textoffsetx>0</textoffsetx>
		<align>center</align>
		<aligny>center</aligny>
		<font>font15</font>
		<textcolor>$VAR[ColorTextVar]</textcolor>
		<focusedcolor>$VAR[ColorTextVar]</focusedcolor>
		<colordiffuse>$VAR[ColorHighlightVar]</colordiffuse>
		<texturenofocus colordiffuse="white11">white.png</texturenofocus>
		<alttexturenofocus colordiffuse="white11">white.png</alttexturenofocus>
	</include>
	<!-- KeyBoard -->
	<include name="Objects_KeyOffVars">
		<textoffsety>32</textoffsety>
		<align>center</align>
		<aligny>center</aligny>
		<font>font15</font>
		<textcolor>$VAR[ColorTextVar]</textcolor>
		<focusedcolor>$VAR[ColorTextVar]</focusedcolor>
		<selectedcolor>$VAR[ColorHighlightVar]</selectedcolor>
		<texturenofocus colordiffuse="white11">white.png</texturenofocus>
		<alttexturenofocus colordiffuse="33ffffff">white.png</alttexturenofocus>
	</include>
	<include name="Objects_DoubleKeyOff">
		<left>-123</left>
		<width>290</width>
		<height>70</height>
		<include>Objects_KeyOffVars</include>
	</include>
	<include name="Objects_SingleKeyOff">
		<width>70</width>
		<height>70</height>
		<include>Objects_KeyOffVars</include>
	</include>
	<include name="ShowCaseInfoPanelButtonsValues">
		<height>90</height>
		<width>501</width>
		<textoffsetx>15</textoffsetx>
		<aligny>top</aligny>
		<font>font14</font>
		<textcolor>$VAR[ColorTextVar]</textcolor>
		<focusedcolor>$VAR[ColorTextVar]</focusedcolor>
		<texturefocus>blank.png</texturefocus>
		<texturenofocus>blank.png</texturenofocus>
		<onclick>noop</onclick>
	</include>
	<include name="SettingsPanelButtonsValues">
		<height>90</height>
		<width>1256</width>
		<textoffsetx>15</textoffsetx>
		<textoffsety>-4</textoffsety>
		<aligny>top</aligny>
		<font>font15</font>
		<textcolor>$VAR[ColorTextVar]</textcolor>
		<focusedcolor>$VAR[ColorTextVar]</focusedcolor>
		<onclick>noop</onclick>
	</include>
	<!-- Media Flags -->
	<include name="MediaFlagVars">
		<width>135</width>
		<height>90</height>
		<aspectratio>keep</aspectratio>
		<fadetime>250</fadetime>
		<colordiffuse>$VAR[ColorTextVar]</colordiffuse>
		<animation effect="fade" time="200">VisibleChange</animation>
	</include>
	<!-- TV Shows Next Aired script -->
	<include name="TVNextAiredListCommonLayout">
		<left>522</left>
		<top>32</top>
		<width>1316</width>
		<height>840</height>
		<onup>60</onup>
		<ondown>60</ondown>
		<onleft>9000</onleft>
		<orientation>horizontal</orientation>
		<scrolltime tween="quadratic">300</scrolltime>
		<pagecontrol>60</pagecontrol>
		<itemlayout height="840" width="435">
			<control type="image">
				<left>15</left>
				<top>20</top>
				<width>405</width>
				<height>237</height>
				<aspectratio aligny="top">keep</aspectratio>
				<texture background="true">$INFO[ListItem.Property(Art(clearlogo))]</texture>
			</control>
			<control type="label">
				<left>15</left>
				<top>250</top>
				<width>405</width>
				<height>45</height>
				<label>$LOCALIZE[31010]:</label>
				<textcolor>$VAR[ColorTextVar]</textcolor>
				<font>font15</font>
			</control>
			<control type="textbox">
				<left>15</left>
				<top>295</top>
				<width>405</width>
				<height>105</height>
				<label>$INFO[ListItem.Property(NextNumber),,. ]$INFO[ListItem.Property(NextTitle)]</label>
				<textcolor>$VAR[ColorTextVar]</textcolor>
				<font>font15</font>
				<autoscroll>false</autoscroll>
			</control>
			<control type="label">
				<left>15</left>
				<top>400</top>
				<width>405</width>
				<height>45</height>
				<label>$LOCALIZE[31011]:</label>
				<textcolor>$VAR[ColorTextVar]</textcolor>
				<font>font15</font>
			</control>
			<control type="textbox">
				<left>15</left>
				<top>445</top>
				<width>405</width>
				<height>105</height>
				<label>$INFO[ListItem.Property(LatestDate),, • ]$INFO[ListItem.Property(LatestTitle)]</label>
				<textcolor>$VAR[ColorTextVar]</textcolor>
				<font>font15</font>
				<autoscroll>false</autoscroll>
			</control>
			<control type="label">
				<description>Episode Number</description>
				<top>550</top>
				<width>435</width>
				<height>45</height>
				<label>$LOCALIZE[126]:</label>
				<textcolor>$VAR[ColorTextVar]</textcolor>
				<textoffsetx>15</textoffsetx>
				<font>font15</font>
			</control>
			<control type="label">
				<description>Episode Number</description>
				<top>595</top>
				<width>435</width>
				<height>45</height>
				<label>$INFO[ListItem.Property(Status)]</label>
				<textcolor>$VAR[ColorTextVar]</textcolor>
				<textoffsetx>15</textoffsetx>
				<font>font15</font>
			</control>
			<control type="label">
				<description>Episode Number</description>
				<top>700</top>
				<width>435</width>
				<height>45</height>
				<label>$LOCALIZE[31012]:</label>
				<textcolor>$VAR[ColorTextVar]</textcolor>
				<textoffsetx>15</textoffsetx>
				<font>font15</font>
			</control>
			<control type="label">
				<description>Episode Number</description>
				<top>745</top>
				<width>435</width>
				<height>45</height>
				<label>$INFO[ListItem.Property(ShortTime)]$INFO[ListItem.Property(Network), @ ]</label>
				<textcolor>$VAR[ColorTextVar]</textcolor>
				<textoffsetx>15</textoffsetx>
				<font>font15</font>
			</control>
		</itemlayout>
		<focusedlayout height="840" width="435">
			<control type="image">
				<left>15</left>
				<top>20</top>
				<width>405</width>
				<height>237</height>
				<aspectratio aligny="top">keep</aspectratio>
				<texture background="true">$INFO[ListItem.Property(Art(clearlogo))]</texture>
			</control>
			<control type="label">
				<left>15</left>
				<top>250</top>
				<width>405</width>
				<height>45</height>
				<label>$LOCALIZE[31010]:</label>
				<textcolor>$VAR[ColorTextVar]</textcolor>
				<font>font15</font>
			</control>
			<control type="textbox">
				<left>15</left>
				<top>295</top>
				<width>405</width>
				<height>105</height>
				<label>$INFO[ListItem.Property(NextNumber),,. ]$INFO[ListItem.Property(NextTitle)]</label>
				<textcolor>$VAR[ColorTextVar]</textcolor>
				<font>font15</font>
				<autoscroll>false</autoscroll>
			</control>
			<control type="label">
				<left>15</left>
				<top>400</top>
				<width>405</width>
				<height>45</height>
				<label>$LOCALIZE[31011]:</label>
				<textcolor>$VAR[ColorTextVar]</textcolor>
				<font>font15</font>
			</control>
			<control type="textbox">
				<left>15</left>
				<top>445</top>
				<width>405</width>
				<height>105</height>
				<label>$INFO[ListItem.Property(LatestDate),, • ]$INFO[ListItem.Property(LatestTitle)]</label>
				<textcolor>$VAR[ColorTextVar]</textcolor>
				<font>font15</font>
				<autoscroll>false</autoscroll>
			</control>
			<control type="label">
				<description>Episode Number</description>
				<top>550</top>
				<width>435</width>
				<height>45</height>
				<label>$LOCALIZE[126]:</label>
				<textcolor>$VAR[ColorTextVar]</textcolor>
				<textoffsetx>15</textoffsetx>
				<font>font15</font>
			</control>
			<control type="label">
				<description>Episode Number</description>
				<top>595</top>
				<width>435</width>
				<height>45</height>
				<label>$INFO[ListItem.Property(Status)]</label>
				<textoffsetx>15</textoffsetx>
				<font>font15</font>
			</control>
			<control type="label">
				<description>Episode Number</description>
				<top>700</top>
				<width>435</width>
				<height>45</height>
				<label>$LOCALIZE[31012]:</label>
				<textcolor>$VAR[ColorTextVar]</textcolor>
				<textoffsetx>15</textoffsetx>
				<font>font15</font>
			</control>
			<control type="label">
				<description>Episode Number</description>
				<top>745</top>
				<width>435</width>
				<height>45</height>
				<label>$INFO[ListItem.Property(ShortTime)]$INFO[ListItem.Property(Network), @ ]</label>
				<textoffsetx>15</textoffsetx>
				<font>font15</font>
			</control>
		</focusedlayout>
	</include>
	<include name="GlobalSearchPosterCommons">
		<control type="image">
			<animation type="Focus">
                <effect type="zoom" time="150" start="95" end="100" center="104,149" />
                <effect type="zoom" time="150" start="105" end="100" delay="150" center="104,149" />
            </animation>
			<top>12</top>
			<left>12</left>
			<width>184</width>
			<height>276</height>
			<aspectratio>scale</aspectratio>
			<texture background="true">$INFO[ListItem.Icon]</texture>
		</control>
		<control type="group">
			<left>220</left>
			<control type="label">
				<visible>!Container(9000).HasFocus(7) + !Control.IsVisible(1001)</visible>
				<top>22</top>
				<width>1068</width>
				<height>40</height>
				<label>$INFO[ListItem.Label]</label>
				<font>font16_title</font>
				<textcolor>$VAR[ColorTextVar]</textcolor>
			</control>
			<control type="label">
				<visible>Container(9000).HasFocus(7) | Window.IsVisible(script-globalsearch-contextmenu.xml)</visible>
				<top>22</top>
				<width>1068</width>
				<height>40</height>
				<label>$INFO[ListItem.Property(Artist),, • ]$INFO[ListItem.Label]</label>
				<font>font16_title</font>
				<textcolor>$VAR[ColorTextVar]</textcolor>
			</control>
			<control type="label">
				<visible>Container(9000).HasFocus(2) | Container(9000).HasFocus(3) | Container(9000).HasFocus(6) | Container(9000).HasFocus(7) | Window.IsVisible(script-globalsearch-contextmenu.xml) | Window.IsVisible(script-globalsearch-infodialog.xml)</visible>
				<top>75</top>
				<width>1068</width>
				<height>40</height>
				<label>$INFO[ListItem.Property(Year)]$INFO[ListItem.Property(Duration), • , $LOCALIZE[12391]]</label>
				<font>font15</font>
				<textcolor>$VAR[ColorTextVar]</textcolor>
			</control>
			<control type="label">
				<visible>Container(9000).HasFocus(4) | Window.IsVisible(script-globalsearch-contextmenu.xml) | Window.IsVisible(script-globalsearch-infodialog.xml)</visible>
				<top>75</top>
				<width>1068</width>
				<height>40</height>
				<label>$INFO[ListItem.Property(tvshowtitle)]</label>
				<font>font15</font>
				<textcolor>$VAR[ColorTextVar]</textcolor>
			</control>
		</control>
	</include>
	<include name="GlobalSearchMusicCommons">
		<control type="image">
			<animation type="Focus">
                <effect type="zoom" time="150" start="95" end="100" center="149,149" />
                <effect type="zoom" time="150" start="105" end="100" delay="150" center="149,149" />
            </animation>
			<top>12</top>
			<left>12</left>
			<width>276</width>
			<height>276</height>
			<aspectratio>scale</aspectratio>
			<texture background="true">$INFO[ListItem.Icon]</texture>
		</control>
		<control type="group">
			<left>312</left>
			<control type="label">
				<top>22</top>
				<width>976</width>
				<height>40</height>
				<label>$INFO[ListItem.Label]</label>
				<font>font16_title</font>
				<textcolor>$VAR[ColorTextVar]</textcolor>
			</control>
			<control type="label">
				<visible>Container(9000).HasFocus(8) | Window.IsVisible(script-globalsearch-contextmenu.xml) | Window.IsVisible(script-globalsearch-infodialog.xml)</visible>
				<top>75</top>
				<width>976</width>
				<height>40</height>
				<label>$INFO[ListItem.Property(Artist_Genre)]</label>
				<font>font15</font>
				<textcolor>$VAR[ColorTextVar]</textcolor>
			</control>
			<control type="label">
				<visible>Container(9000).HasFocus(9) | Container(9000).HasFocus(10) | Window.IsVisible(script-globalsearch-contextmenu.xml) | Window.IsVisible(script-globalsearch-infodialog.xml)</visible>
				<top>75</top>
				<width>976</width>
				<height>40</height>
				<label>$INFO[ListItem.Property(Artist)]</label>
				<font>font15</font>
				<textcolor>$VAR[ColorTextVar]</textcolor>
			</control>
			<control type="label">
				<visible>Container(9000).HasFocus(1) | Window.IsVisible(script-globalsearch-contextmenu.xml) | Window.IsVisible(script-globalsearch-infodialog.xml)</visible>
				<top>75</top>
				<width>976</width>
				<height>40</height>
				<label>$INFO[ListItem.Property(ChannelNumber),,. ]$INFO[ListItem.Property(ChannelName)]</label>
				<font>font15</font>
				<textcolor>$VAR[ColorTextVar]</textcolor>
			</control>
		</control>
	</include>
	<include name="RCBimportlabels">
		<width>856</width>
        <height>60</height>
        <font>font14</font>
        <textcolor>$VAR[ColorTextVar]</textcolor>
        <textoffsetx>15</textoffsetx>
	</include>
</includes>