<?xml version="1.0" encoding="UTF-8"?>
<window>
	<defaultcontrol always="true">50</defaultcontrol>
	<menucontrol>9051</menucontrol>
	<allowoverlay>no</allowoverlay>
	<onload>SetProperty(Window.HasSettings,True,home)</onload>
	<onload>ClearProperty(MediaMenu,Home)</onload>
	<onunload>ClearProperty(Window.HasSettings,Home)</onunload>
	<views>50,52,510,504,509,520,57,501</views>
	<controls>
		<include>CommonBackground</include>
		<control type="group">
			<include>View_50_List</include>
			<!-- view id = 50 -->
			<include>View_52_Thumbnail</include>
			<!-- view id = 52 -->
			<include>PictureWall</include>
			<!-- view id = 510 -->
			<include>View_504_Gallery</include>
			<!-- view id = 504 -->
			<include>View_509_Wall</include>
			<!-- view id = 509 -->
			<include>ShiftFixedList</include>
			<!-- view id = 57 -->
			<include>AddonLowList</include>
			<!-- view id = 501 -->
			<include>AddonWall</include>
			<!-- view id = 520 -->
		</control>
		<include>Topbar</include>
		<control type="group">
			<left>-440</left>
			<include>SideBladeLeft</include>
			<control type="grouplist" id="9050">
				<include>MediaMenuTop</include>
				<control type="radiobutton" id="10">
					<visible>!Control.IsVisible(50) + !Container.Content(addons)</visible>
					<label>31017</label>
					<onclick>Skin.ToggleSetting(PictureInfo.Disabled)</onclick>
					<selected>Skin.HasSetting(PictureInfo.Disabled)</selected>
					<include>ButtonCommonValues</include>
				</control>
				<control type="button" id="201">
					<description>View options</description>
					<textwidth>352</textwidth>
					<font>font13_title</font>
					<include>ButtonCommonValues</include>
					<label>31026</label>
					<enable>no</enable>
					<disabledcolor>$VAR[ColorHighlightVar]</disabledcolor>
				</control>
				<control type="edit" id="19">
					<visible>Container.CanFilter + !Container.CanFilterAdvanced</visible>
					<description>Filter</description>
					<textwidth>345</textwidth>
					<include>ButtonCommonValues</include>
					<label>587</label>
				</control>
				<control type="radiobutton" id="20">
					<visible>Container.CanFilterAdvanced</visible>
					<description>Filter</description>
					<include>ButtonCommonValues</include>
					<label>587</label>
					<onclick>right</onclick>
					<onclick>Filter</onclick>
				</control>
				<control type="button" id="6">
					<description>Slideshow</description>
					<textwidth>352</textwidth>
					<include>ButtonCommonValues</include>
					<label>108</label>
				</control>
				<control type="button" id="7">
					<description>Recersive Slideshow</description>
					<textwidth>352</textwidth>
					<include>ButtonCommonValues</include>
					<label>361</label>
				</control>
				<control type="radiobutton" id="9">
					<description>Randomize Toggle</description>
					<include>ButtonCommonValues</include>
					<label>13319</label>
				</control>
				<include>PlaylistButtons</include>
				<include name="MenuPlayerControls">
					<param name="PlayerControlsOnDown" value="1802" />
				</include>
			</control>
		</control>
	</controls>
</window>