<?xml version="1.0" encoding="UTF-8"?>
<window>
	<defaultcontrol>50</defaultcontrol>
	<menucontrol>9051</menucontrol>
	<onload>SetProperty(Window.HasSettings,True,home)</onload>
	<onload>ClearProperty(MediaMenu,Home)</onload>
	<onunload>ClearProperty(Window.HasSettings,Home)</onunload>
	<allowoverlay>no</allowoverlay>
	<controls>
		<include>CommonBackground</include>
		<control type="group">
			<description>Recordings group</description>
			<visible>Control.IsVisible(50)</visible>
			<include>VisibleFadeEffect</include>
			<include>Animation.Common</include>
			<top>60</top>
			<left>90</left>
			<control type="list" id="50">
				<top>120</top>
				<width>1140</width>
				<height>840</height>
				<onleft>SetProperty(MediaMenu,True,home)</onleft>
				<onleft>SetFocus(9050)</onleft>
				<onright>72</onright>
				<onup>50</onup>
				<ondown>50</ondown>
				<viewtype label="535">list</viewtype>
				<pagecontrol>60</pagecontrol>
				<scrolltime tween="quadratic">200</scrolltime>
				<itemlayout height="120" width="1140">
					<control type="image">
						<left>10</left>
						<top>10</top>
						<width>100</width>
						<height>100</height>
						<aspectratio>keep</aspectratio>
						<texture background="true">$INFO[ListItem.Icon]</texture>
						<visible>!SubString(ListItem.Icon,Default,left)</visible>
					</control>
					<control type="image">
						<left>10</left>
						<top>10</top>
						<width>100</width>
						<height>100</height>
						<aspectratio>keep</aspectratio>
						<texture background="true">$INFO[ListItem.Icon]</texture>
						<colordiffuse>$VAR[ColorTextVar]</colordiffuse>
						<visible>SubString(ListItem.Icon,Default,left)</visible>
					</control>
					<control type="label">
						<left>135</left>
						<top>0</top>
						<width>960</width>
						<height>120</height>
						<font>font30</font>
						<textcolor>$VAR[ColorTextVar]</textcolor>
						<selectedcolor>$VAR[ColorHighlightVar]</selectedcolor>
						<align>left</align>
						<aligny>center</aligny>
						<label>$INFO[ListItem.Label]</label>
					</control>
					<control type="label">
						<left>100</left>
						<width>960</width>
						<height>120</height>
						<font>font15</font>
						<align>right</align>
						<textcolor>$VAR[ColorTextVar]</textcolor>
						<selectedcolor>$VAR[ColorHighlightVar]</selectedcolor>
						<aligny>center</aligny>
						<label>$INFO[ListItem.Label2]</label>
					</control>
					<control type="image">
						<left>1076</left>
						<top>28</top>
						<width>64</width>
						<height>64</height>
						<aspectratio>keep</aspectratio>
						<texture>$VAR[ListItem.Overlay]</texture>
						<colordiffuse>$VAR[ColorTextVar]</colordiffuse>
					</control>
				</itemlayout>
				<focusedlayout height="120" width="1140">
					<control type="image">
						<left>0</left>
						<top>0</top>
						<width>1140</width>
						<height>120</height>
						<texture>listselect_fo.png</texture>
						<colordiffuse>$VAR[ColorHighlightVar]</colordiffuse>
						<visible>Control.HasFocus(50)</visible>
						<include>VisibleFadeEffect</include>
					</control>
					<control type="image">
						<left>10</left>
						<top>10</top>
						<width>100</width>
						<height>100</height>
						<aspectratio>keep</aspectratio>
						<texture background="true">$INFO[ListItem.Icon]</texture>
						<visible>!SubString(ListItem.Icon,Default,left)</visible>
					</control>
					<control type="image">
						<left>10</left>
						<top>10</top>
						<width>100</width>
						<height>100</height>
						<aspectratio>keep</aspectratio>
						<texture background="true">$INFO[ListItem.Icon]</texture>
						<colordiffuse>$VAR[ColorTextVar]</colordiffuse>
						<visible>SubString(ListItem.Icon,Default,left)</visible>
					</control>
					<control type="label">
						<left>135</left>
						<top>0</top>
						<width>960</width>
						<height>120</height>
						<font>font30</font>
						<textcolor>$VAR[ColorTextVar]</textcolor>
						<selectedcolor>$VAR[ColorHighlightVar]</selectedcolor>
						<align>left</align>
						<aligny>center</aligny>
						<label>$INFO[ListItem.Label]</label>
					</control>
					<control type="label">
						<left>100</left>
						<width>960</width>
						<height>120</height>
						<font>font15</font>
						<align>right</align>
						<textcolor>$VAR[ColorTextVar]</textcolor>
						<selectedcolor>$VAR[ColorHighlightVar]</selectedcolor>
						<aligny>center</aligny>
						<label>$INFO[ListItem.Label2]</label>
					</control>
					<control type="image">
						<left>1076</left>
						<top>28</top>
						<width>64</width>
						<height>64</height>
						<aspectratio>keep</aspectratio>
						<texture>$VAR[ListItem.Overlay]</texture>
						<colordiffuse>$VAR[ColorTextVar]</colordiffuse>
					</control>
				</focusedlayout>
			</control>
			<control type="grouplist">
				<left>1176</left>
				<top>120</top>
				<itemgap>15</itemgap>
				<control type="image">
					<width>570</width>
					<height>321</height>
					<aspectratio align="center" aligny="center">scale</aspectratio>
					<texture background="true">$INFO[ListItem.Art(thumb)]</texture>
					<fadetime>IconCrossfadeTime</fadetime>
					<visible>!IsEmpty(ListItem.Art(thumb))</visible>
				</control>
				<control type="textbox">
					<description>Description</description>
					<visible>!IsEmpty(ListItem.Plot)</visible>
					<width>570</width>
					<height>275</height>
					<font>font14_textbox5</font>
					<textcolor>$VAR[ColorTextVar]</textcolor>
					<label>$INFO[ListItem.Plot]$INFO[ListItem.Date, (,)]</label>
					<autoscroll time="3000" delay="4000" repeat="5000">Skin.HasSetting(Enable.AutoScroll)</autoscroll>
				</control>
			</control>
		</control>
		<control type="scrollbar" id="60">
			<visible>Control.IsVisible(50)</visible>
			<left>1906</left>
			<top>0</top>
			<width>10</width>
			<height>1080</height>
			<onleft>50</onleft>
			<onright>SetProperty(MediaMenu,True,home)</onright>
			<onright>SetFocus(9050)</onright>
			<orientation>vertical</orientation>
		</control>
		<include>Topbar</include>
		<include>PVRMediaMenu</include>
	</controls>
</window>