<?xml version="1.0" encoding="UTF-8"?>
<window>
	<defaultcontrol always="true">50</defaultcontrol>
	<menucontrol>9051</menucontrol>
	<allowoverlay>no</allowoverlay>
	<views>50,52</views>
	<onload>ClearProperty(MediaMenu,Home)</onload>
	<controls>
		<include>CommonBackground</include>
		<control type="group">
			<include>View_50_List</include>
			<!-- view id = 50 -->
			<include>View_52_Thumbnail</include>
			<!-- view id = 52 -->
		</control>
		<include>Topbar</include>
		<control type="group">
			<left>-440</left>
			<include>SideBladeLeft</include>
			<control type="grouplist" id="9050">
				<include>MediaMenuTop</include>
				<control type="button" id="201">
					<description>View options</description>
					<textwidth>352</textwidth>
					<font>font13_title</font>
					<include>ButtonCommonValues</include>
					<label>31026</label>
					<enable>no</enable>
					<disabledcolor>$VAR[ColorHighlightVar]</disabledcolor>
				</control>
				<control type="radiobutton" id="20">
					<description>Shuffle button</description>
					<include>ButtonCommonValues</include>
					<label>191</label>
				</control>
				<control type="button" id="26">
					<description>Repeat button</description>
					<textwidth>352</textwidth>
					<include>ButtonCommonValues</include>
					<label>-</label>
				</control>
				<control type="button" id="21">
					<description>Save button</description>
					<label>190</label>
					<textwidth>352</textwidth>
					<include>ButtonCommonValues</include>
				</control>
				<control type="button" id="22">
					<description>Clear button</description>
					<label>192</label>
					<onclick>ReplaceWindow(Videos)</onclick>
					<textwidth>352</textwidth>
					<include>ButtonCommonValues</include>
				</control>
				<include>PlaylistButtons</include>
				<include name="MenuPlayerControls">
					<param name="PlayerControlsOnDown" value="1802" />
				</include>
			</control>
		</control>
	</controls>
</window>