<?xml version="1.0" encoding="UTF-8"?>
<includes>
	<variable name="GlobalBackgroundVar">
		<value condition="!IsEmpty(ListItem.Art(fanart)) + !Skin.HasSetting(Disable.Fanart)">$INFO[ListItem.Art(fanart)]</value>
		<value condition="StringCompare(Container(9033).ListItem.Art(thumb),1)">$INFO[Window(Home).Property(script.grab.fanart.Movie.FanArt)]</value>
		<value condition="StringCompare(Container(9033).ListItem.Art(thumb),2)">$INFO[Window(Home).Property(script.grab.fanart.TV.FanArt)]</value>
		<value condition="StringCompare(Container(9033).ListItem.Art(thumb),3)">$INFO[Window(Home).Property(script.grab.fanart.Video.FanArt)]</value>
		<value condition="StringCompare(Container(9033).ListItem.Art(thumb),4)">$INFO[Window(Home).Property(script.grab.fanart.Music.FanArt)]</value>
		<value condition="StringCompare(Container(9033).ListItem.Art(thumb),5)">$INFO[Window(Home).Property(script.grab.fanart.Global.FanArt)]</value>
		<value condition="StringCompare(Container(9033).ListItem.Art(thumb),6)">$INFO[Skin.String(weatherfanart.path)]$INFO[Window(Weather).Property(Current.FanartCode)]$VAR[WeatherFanartExtension]</value>
		<value condition="!IsEmpty(Container(9033).ListItem.Art(thumb))">$INFO[Container(9033).ListItem.Art(thumb)]</value>
		<value condition="!IsEmpty(Skin.String(CustomBackground))">$INFO[Skin.String(CustomBackground)]</value>
		<value>$INFO[Window(home).Property(fakelabel)]</value>
	</variable>
	<variable name="HomeBackgroundVar">

		<value condition="!IsEmpty(Skin.String(CustomHomeSlideshow))">$INFO[Skin.String(CustomHomeSlideshow)]</value>

		<!-- Fanart backgrounds -->
		<value condition="StringCompare(Container(9000).ListItem.Property(background),movieFanart)">$INFO[Window(Home).Property(script.grab.fanart.Movie.FanArt)]</value>
		<value condition="StringCompare(Container(9000).ListItem.Property(background),tvFanart)">$INFO[Window(Home).Property(script.grab.fanart.TV.FanArt)]</value>
		<value condition="StringCompare(Container(9000).ListItem.Property(background),videoFanart)">$INFO[Window(Home).Property(script.grab.fanart.Video.FanArt)]</value>
		<value condition="StringCompare(Container(9000).ListItem.Property(background),musicFanart)">$INFO[Window(Home).Property(script.grab.fanart.Music.FanArt)]</value>
		<value condition="StringCompare(Container(9000).ListItem.Property(background),allFanart)">$INFO[Window(Home).Property(script.grab.fanart.Global.FanArt)]</value>

		<!-- Weather background -->
		<value condition="StringCompare(Container(9000).ListItem.Property(background),weatherBackground)">$INFO[Skin.String(weatherfanart.path)]$INFO[Window(Weather).Property(Current.FanartCode)]$VAR[WeatherFanartExtension]</value>

		<!-- Playlist background -->
		<value condition="SubString(Container(9000).ListItem.Property(background),s:playlist,Left)">$INFO[Container(9034).ListItem.Art(fanart)]</value>

		<!-- Single or multi image -->
		<value condition="!IsEmpty(Container(9000).ListItem.Property(background))">$INFO[Container(9000).ListItem.Property(background)]</value>

		<!-- Custom background -->
		<value condition="!IsEmpty(Skin.String(CustomBackground))">$INFO[Skin.String(CustomBackground)]</value>
	</variable>
	<variable name="GlobalFanartSetting">
		<value condition="Skin.HasSetting(Disable.Fanart)">$LOCALIZE[20445]: $LOCALIZE[24023]</value>
		<value>$LOCALIZE[20445]: $LOCALIZE[305]</value>
	</variable>
	<variable name="VizBackgroundLabelVar">
		<value condition="StringCompare(Skin.String(musicvis.background),fanart)">$LOCALIZE[20445]</value>
		<value condition="StringCompare(Skin.String(musicvis.background),bluralbum)">$LOCALIZE[31310]</value>
		<value condition="System.HasAddon(script.artistslideshow) + StringCompare(Skin.String(musicvis.background),artistslideshow)">$INFO[System.AddonTitle(script.artistslideshow)]</value>
		<value condition="StringCompare(Skin.String(musicvis.background),pixelfanart)">$LOCALIZE[31168]</value>
		<value condition="StringCompare(Skin.String(musicvis.background),posterizefanart)">$LOCALIZE[31169]</value>
		<value condition="StringCompare(Skin.String(musicvis.background),albumwall)">$LOCALIZE[31068]</value>
		<value>$LOCALIZE[231]</value>
	</variable>
	<variable name="OverlayVar">
		<value condition="Container.ListItem.IsResumable + Skin.HasSetting(Overlay.Resumable)">overlays/OverlayResumable.png</value>
		<value condition="StringCompare(ListItem.Overlay,OverlayUnwatched.png) + Skin.HasSetting(Overlay.Unwatched)">overlays/OverlayUnwatched.png</value>
		<value condition="StringCompare(ListItem.Overlay,OverlayWatched.png) + Skin.HasSetting(Overlay.Watched)">overlays/OverlayWatched.png</value>
	</variable>
	<variable name="OverlayBGVar">
		<value condition="[Container.ListItem.IsResumable + Skin.HasSetting(Overlay.Resumable)] | [StringCompare(ListItem.Overlay,OverlayUnwatched.png) + Skin.HasSetting(Overlay.Unwatched)] | [StringCompare(ListItem.Overlay,OverlayWatched.png) + Skin.HasSetting(Overlay.Watched)]">overlays/overlaybg.png</value>
	</variable>
	<variable name="ListItem.Overlay">
		<value condition="ListItem.IsResumable">overlays/list/resumable.png</value>
		<value>$INFO[ListItem.Overlay,overlays/list/]</value>
	</variable>
	<variable name="BreadcrumbsFillerVar">
		<value condition="Container.Content(tvshows) | Container.Content(seasons)">$LOCALIZE[20343]</value>
		<value condition="SubString(Container.FolderPath,videodb://recentlyadded,left)">$INFO[Window(home).Property(fakelabel)]</value>
		<value condition="Container.Content(episodes) + !StringCompare(Container.FolderName,ListItem.TvShowTitle)">$INFO[ListItem.TvShowTitle]</value>
		<value condition="SubString(Container.FolderPath,videodb://tvshows/,left)">$LOCALIZE[20343]</value>
		<value condition="SubString(Container.FolderPath,videodb://movies/,left)">$LOCALIZE[20342]</value>
		<value condition="Window.IsActive(textviewer)">$INFO[Control.GetLabel(1)]</value>
		<value condition="Window.IsActive(script-NextAired-TVGuide.xml) | Window.IsActive(script-NextAired-TVGuide2.xml)">$INFO[System.AddonTitle(script.tv.show.next.aired)]</value>
		<value condition="Window.IsActive(tvchannels) | Window.IsActive(TVGuide) | Window.IsActive(TVRecordings) | Window.IsActive(TVTimers) | Window.IsActive(TVSearch)">$LOCALIZE[19020]</value>
		<value condition="Window.IsActive(RadioChannels) | Window.IsActive(RadioGuide) | Window.IsActive(RadioRecordings) | Window.IsActive(RadioSearch)">$LOCALIZE[19183]</value>
		<value condition="!IsEmpty(Container.FolderName)">$INFO[System.CurrentWindow]</value>
		<value condition="Window.IsActive(SettingsCategory.xml) | Window.IsActive(profiles) | Window.IsActive(skinsettings)">$LOCALIZE[5]</value>
		<value condition="Window.IsActive(favourites)">$LOCALIZE[1036]</value>
		<value condition="Window.IsActive(videos) + IsEmpty(System.CurrentWindow)">$LOCALIZE[3]</value>
		<value condition="Window.IsActive(musiclibrary) + IsEmpty(System.CurrentWindow)">$LOCALIZE[10502]</value>
		<value condition="!Window.IsActive(home)">$INFO[System.CurrentWindow]</value>
	</variable>
	<variable name="BreadcrumbsVar">
		<value condition="Window.IsActive(script-The Big Picture-main.xml)">$INFO[Container(100).ListItem.Property(album_title)]</value>
		<value condition="Window.IsActive(addoninformation) + !Window.IsActive(textviewer)">$VAR[BreadcrumbsFillerVar,,: ]$INFO[ListItem.Property(Addon.Name)]</value>
		<value condition="Window.IsActive(textviewer)">$VAR[BreadcrumbsFillerVar]</value>
		<value condition="Window.IsActive(script-lazytv-BigScreenList.xml) | Window.IsActive(script-lazytv-main.xml)">$INFO[System.AddonTitle(script.lazytv)]</value>
		<value condition="Window.IsActive(script-Rom_Collection_Browser-main.xml)">$INFO[System.AddonTitle(service.rom.collection.browser)]</value>
		<value condition="Window.IsActive(script-ExtendedInfo Script-VideoList.xml)">$INFO[System.AddonTitle(script.extendedinfo)]</value>
		<value condition="Window.IsActive(script-ExtendedInfo Script-YoutubeList.xml)">$LOCALIZE[31132]</value>
		<value condition="Window.IsActive(script-globalsearch-main.xml)">$INFO[System.AddonTitle(script.globalsearch)]</value>
		<value condition="Window.IsActive(TVGuide) | Window.IsActive(RadioGuide)">$VAR[BreadcrumbsFillerVar,, $LOCALIZE[19069]]</value>
		<value condition="Window.IsActive(TVRecordings) | Window.IsActive(RadioRecordings)">$VAR[BreadcrumbsFillerVar,, $LOCALIZE[19163]]</value>
		<value condition="Window.IsActive(TVTimers) | Window.IsActive(RadioTimers)">$VAR[BreadcrumbsFillerVar,, $LOCALIZE[19040]]</value>
		<value condition="Window.IsActive(TVSearch) | Window.IsActive(RadioSearch)">$VAR[BreadcrumbsFillerVar,, $LOCALIZE[137]]</value>
		<value condition="Window.IsActive(eventlog)">$LOCALIZE[14111]$INFO[Control.GetLabel(21), - ,]</value>
		<value condition="Window.IsActive(home)">$LOCALIZE[10000]</value>
		<value condition="!IsEmpty(Container.FolderName)">$VAR[BreadcrumbsFillerVar,,: ]$INFO[Container.FolderName]</value>
		<value>$VAR[BreadcrumbsFillerVar]</value>
	</variable>
	<variable name="MusicOSDRepeatButtonVar">
		<value condition="[!Playlist.IsRepeat + !Playlist.IsRepeatOne] + !Control.HasFocus(707)">osd/buttons/OSDRepeat2.png</value>
		<value condition="Playlist.IsRepeatOne+!Control.HasFocus(707)">osd/buttons/OSDRepeatOne2.png</value>
		<value condition="Playlist.IsRepeat+!Control.HasFocus(707)">osd/buttons/OSDRepeatAll2.png</value>
		<value condition="[!Playlist.IsRepeat + !Playlist.IsRepeatOne] + Control.HasFocus(707)">osd/buttons/OSDRepeat.png</value>
		<value condition="Playlist.IsRepeatOne + Control.HasFocus(707)">osd/buttons/OSDRepeatOne.png</value>
		<value condition="Playlist.IsRepeat + Control.HasFocus(707)">osd/buttons/OSDRepeatAll.png</value>
	</variable>
	<!--  List Label Vars -->
	<variable name="ListMainLabelVar">
		<value condition="Container.Content(songs)">$INFO[ListItem.TrackNumber,,. ]$INFO[ListItem.Title]</value>
		<value>$INFO[ListItem.Label]</value>
	</variable>
	<variable name="ListSubLabelVar">
		<value condition="Container.Content(addons)">$INFO[ListItem.Property(Addon.Summary)]</value>
		<value condition="Container.Content(movies)">$INFO[ListItem.Year,, • ]$INFO[ListItem.Genre]</value>
		<value condition="Container.Content(sets)">$INFO[ListItem.Rating]</value>
		<value condition="Container.Content(seasons)">$INFO[ListItem.Property(TotalEpisodes),, $LOCALIZE[20453]]</value>
		<value condition="Container.Content(episodes)">$INFO[ListItem.Premiered]</value>
		<value condition="Container.Content(albums) | Container.Content(songs)">$INFO[ListItem.Artist]</value>
		<value condition="Window.IsActive(pictures)">$INFO[ListItem.PictureResolution]</value>
		<value condition="!Container.Content(genres)">$INFO[ListItem.Genre]</value>
	</variable>
	<variable name="PosterVar">
		<value condition="Container.Content(episodes) + !IsEmpty(ListItem.Art(season.poster))">$INFO[ListItem.Art(season.poster)]</value>
		<value condition="Container.Content(episodes) + !IsEmpty(Container.Art(season.poster))">$INFO[Container.Art(season.poster)]</value>
		<value condition="Container.Content(episodes) + !IsEmpty(ListItem.Art(tvshow.poster))">$INFO[ListItem.Art(tvshow.poster)]</value>
		<value condition="!IsEmpty(ListItem.Art(poster))">$INFO[ListItem.Art(poster)]</value>
		<value>$INFO[ListItem.Art(thumb)]</value>
	</variable>
	<variable name="MusicThumbVar">
		<value condition="SubString(ListItem.Label,* All Albums) | SubString(ListItem.Label,* All Songs)">$INFO[ListItem.Icon]</value>
		<value>$INFO[ListItem.Art(thumb)]</value>
	</variable>
	<variable name="RatingAndVotesVar">
		<value condition="IsEmpty(ListItem.Votes)">0 $LOCALIZE[20350]</value>
		<value>$INFO[ListItem.Votes,, $LOCALIZE[20350]]</value>
	</variable>
	<variable name="DurationVar">
		<value condition="Container.Content(tvshows) + !IsEmpty(Window(Home).Property(NextAired.Runtime))">$INFO[Window(Home).Property(NextAired.Runtime)]</value>
		<value condition="!IsEmpty(ListItem.Duration)">$INFO[ListItem.Duration]</value>
		<value>?</value>
	</variable>
	<variable name="OneOrMoreSeasonsVar">
		<value condition="StringCompare(ListItem.Property(TotalSeasons),1)">$LOCALIZE[20373]</value>
		<value>$LOCALIZE[33054]</value>
	</variable>
	<variable name="OneOrMoreEpisodesVar">
		<value condition="StringCompare(ListItem.Property(TotalEpisodes),1)">$LOCALIZE[20359]</value>
		<value>$LOCALIZE[20360]</value>
	</variable>
	<variable name="OneOrMoreSeasonsExtVar">
		<value condition="StringCompare(Window.Property(TotalSeasons),1)">$LOCALIZE[20373]</value>
		<value>$LOCALIZE[33054]</value>
	</variable>
	<variable name="OneOrMoreEpisodesExtVar">
		<value condition="StringCompare(Window.Property(TotalEpisodes),1)">$LOCALIZE[20359]</value>
		<value>$LOCALIZE[20360]</value>
	</variable>
	<variable name="VideoInfoPlotVar">
		<value condition="Skin.HasSetting(VideoInfoPlotToggle) + !IsEmpty(ListItem.PlotOutline)">$INFO[ListItem.PlotOutline]</value>
		<value>$INFO[ListItem.Plot]</value>
	</variable>
	<variable name="VideoPlotVar">
		<value condition="Container.Content(seasons)">$INFO[Container.ShowPlot]</value>
		<value condition="!IsEmpty(Window(home).Property(Set.Movies.ExtendedPlot))">$INFO[Window(home).Property(Set.Movies.ExtendedPlot)]</value>
		<value condition="!IsEmpty(ListItem.PlotOutline) + !Skin.HasSetting(VideoInfoPlotToggle)">$INFO[ListItem.PlotOutline]</value>
		<value condition="System.GetBool(videolibrary.showunwatchedplots)">$INFO[ListItem.Plot]</value>
		<value>$INFO[ListItem.Plot]</value>
	</variable>
	<variable name="OtherPlotVar">
		<value condition="Container.Content(albums) + !IsEmpty(ListItem.Property(Album_Description))">$INFO[ListItem.Property(Album_Description)]</value>
		<value condition="Container.Content(albums)">$LOCALIZE[414]</value>
		<value condition="Container.Content(artists) + !IsEmpty(ListItem.Property(Artist_Description))">$INFO[ListItem.Property(Artist_Description)]</value>
		<value condition="Container.Content(artists)">$LOCALIZE[547]</value>
	</variable>
	<variable name="MusicPlotVar">
		<value condition="!IsEmpty(ListItem.Property(Album_Description))">$INFO[ListItem.Property(Album_Description)]</value>
		<value condition="!IsEmpty(ListItem.Property(Artist_Description))">$INFO[ListItem.Property(Artist_Description)]</value>
		<value condition="!IsEmpty(ListItem.Property(Addon.Description))">$INFO[ListItem.Property(Addon.Description)]$INFO[ListItem.Property(Addon.Disclaimer), -- ]</value>
		<value condition="!IsEmpty(ListItem.Comment)">$INFO[ListItem.Comment]</value>
		<value>$INFO[ListItem.Plot]</value>
	</variable>
	<variable name="VideoPlotLocalizeVar">
		<value condition="Skin.HasSetting(VideoInfoPlotToggle)">$LOCALIZE[31045]</value>
		<value>$LOCALIZE[31044]</value>
	</variable>
	<variable name="SourceFlagVar">
		<value condition="[SubString(ListItem.filename,PDTV) | SubString(ListItem.filename,sdtv) | SubString(ListItem.filename,sd tv)]">sdtv</value>
		<value condition="[SubString(ListItem.Filename,hdtv) | SubString(ListItem.Filename,hd tv)]">hdtv</value>
		<value condition="[SubString(ListItem.Filename,hddvd) | SubString(ListItem.Filename,hd-dvd)]">hddvd</value>
		<value condition="ListItem.IsStereoscopic">bluray3d</value>
		<value condition="[SubString(ListItem.Filename,bluray) | SubString(ListItem.Filename,blu-ray) | SubString(ListItem.Filename,bdrip) | SubString(ListItem.Filename,brrip)]">bluray</value>
		<value condition="SubString(ListItem.Filename,dvb)">dvb</value>
		<value condition="SubString(ListItem.Filename,web-dl)">web-dl</value>
		<value condition="SubString(ListItem.Filename,dvd) | StringCompare(ListItem.FileExtension,iso) | StringCompare(ListItem.FileExtension,ifo)">dvd</value>
		<value>$INFO[ListItem.VideoCodec]</value>
	</variable>
	<variable name="VideoSourceFlagVar">
		<value condition="[SubString(Player.Filenameandpath,PDTV) | SubString(Player.Filenameandpath,sdtv)]">sdtv</value>
		<value condition="SubString(Player.Filenameandpath,hdtv)">hdtv</value>
		<value condition="[SubString(Player.Filenameandpath,hddvd) | SubString(Player.Filenameandpath,hd-dvd)]">hddvd</value>
		<value condition="VideoPlayer.IsStereoscopic">bluray3d</value>
		<value condition="[SubString(Player.Filenameandpath,bluray) | SubString(Player.Filenameandpath,blu-ray) | SubString(Player.Filenameandpath,bdrip) | SubString(Player.Filenameandpath,brrip)]">bluray</value>
		<value condition="SubString(Player.Filenameandpath,dvb)">dvb</value>
		<value condition="SubString(Player.Filenameandpath,web-dl)">web-dl</value>
		<value condition="SubString(Player.Filenameandpath,dvd) | SubString(Player.Filenameandpath,.iso,Right) | SubString(Player.Filenameandpath,.ifo,Right)">dvd</value>
		<value>$INFO[VideoPlayer.VideoCodec]</value>
	</variable>
	<!-- InfoPanel -->
	<variable name="InfoPanelLabel1Var">
		<value condition="[Container.Content(movies) | Container.Content(episodes) | Container.Content(sets)] + !IsEmpty(Window(home).Property(Set.Movies.Director))">[COLOR $VAR[ColorHighlightVar]]$LOCALIZE[31000]:[/COLOR][CR]$INFO[Window(home).Property(Set.Movies.Director)]</value>
		<value condition="[Container.Content(movies) | Container.Content(episodes) | Container.Content(sets)]">[COLOR $VAR[ColorHighlightVar]]$LOCALIZE[31000]:[/COLOR][CR]$INFO[ListItem.Director]</value>
		<value condition="[Container.Content(tvshows) | Container.Content(seasons)] + !IsEmpty(Window(Home).Property(NextAired.Status))">[COLOR $VAR[ColorHighlightVar]]$LOCALIZE[126]:[/COLOR][CR]$INFO[Window(Home).Property(NextAired.Status)]</value>
		<value condition="[Container.Content(tvshows) | Container.Content(seasons)]">[COLOR $VAR[ColorHighlightVar]]$LOCALIZE[515]:[/COLOR][CR]$INFO[ListItem.Genre]</value>
	</variable>
	<variable name="InfoPanelLabel2Var">
		<value condition="[Container.Content(movies) | Container.Content(episodes) | Container.Content(sets)] + !IsEmpty(Window(home).Property(Set.Movies.Writer))">[COLOR $VAR[ColorHighlightVar]]$LOCALIZE[31001]:[/COLOR][CR]$INFO[Window(home).Property(Set.Movies.Writer)]</value>
		<value condition="[Container.Content(movies) | Container.Content(episodes) | Container.Content(sets)]">[COLOR $VAR[ColorHighlightVar]]$LOCALIZE[31001]:[/COLOR][CR]$INFO[ListItem.Writer]</value>
		<value condition="[Container.Content(tvshows) | Container.Content(seasons)] + !IsEmpty(Window(Home).Property(NextAired.NextDate))">[COLOR $VAR[ColorHighlightVar]]$LOCALIZE[31010]:[/COLOR][CR]$INFO[Window(Home).Property(NextAired.NextDate),,: ]$INFO[Window(Home).Property(NextAired.NextTitle)]</value>
		<value condition="[Container.Content(tvshows) | Container.Content(seasons)] + !IsEmpty(Window(Home).Property(NextAired.LatestDate))">[COLOR $VAR[ColorHighlightVar]]$LOCALIZE[31011]:[/COLOR][CR]$INFO[Window(Home).Property(NextAired.LatestNumber),, - ]$INFO[Window(Home).Property(NextAired.LatestTitle)]</value>
		<value condition="[Container.Content(tvshows) | Container.Content(seasons)]">[COLOR $VAR[ColorHighlightVar]]$LOCALIZE[31019]:[/COLOR][CR]$INFO[ListItem.Studio]</value>
	</variable>
	<variable name="InfoPanelLabel3Var">
		<value condition="[Container.Content(movies) | Container.Content(episodes) | Container.Content(sets)]">[COLOR $VAR[ColorHighlightVar]]$LOCALIZE[563]:[/COLOR][CR]$INFO[ListItem.RatingAndVotes]$INFO[ListItem.Top250, / $LOCALIZE[13409] #]</value>
		<value condition="Container.Content(tvshows) + !IsEmpty(Window(Home).Property(NextAired.Status))">[COLOR $VAR[ColorHighlightVar]]$INFO[ListItem.Property(TotalSeasons)]$VAR[OneOrMoreSeasonsVar, , / ]$INFO[ListItem.Property(TotalEpisodes),, ]$VAR[OneOrMoreEpisodesVar]:[/COLOR][CR]$INFO[ListItem.Property(UnWatchedEpisodes),, $LOCALIZE[16101]]</value>
		<value condition="Container.Content(tvshows)">[COLOR $VAR[ColorHighlightVar]]$LOCALIZE[20360]:[/COLOR][CR]$INFO[ListItem.Property(TotalEpisodes)]$INFO[ListItem.Property(UnWatchedEpisodes), (,[LOWERCASE] $LOCALIZE[16101][/LOWERCASE])]</value>
		<value condition="Container.Content(seasons)">[COLOR $VAR[ColorHighlightVar]]$LOCALIZE[20360]:[/COLOR][CR]$INFO[ListItem.Property(TotalEpisodes)]</value>
	</variable>
	<variable name="InfoPanelLabel4Var">
		<value condition="[Container.Content(movies) | Container.Content(episodes) | Container.Content(sets)] + !IsEmpty(Window(home).Property(Set.Movies.Runtime))">[COLOR $VAR[ColorHighlightVar]]$LOCALIZE[2050]:[/COLOR][CR]$INFO[Window(home).Property(Set.Movies.Runtime),, $LOCALIZE[12391]]</value>
		<value condition="[Container.Content(movies) | Container.Content(episodes) | Container.Content(sets)]">[COLOR $VAR[ColorHighlightVar]]$LOCALIZE[2050]:[/COLOR][CR]$INFO[ListItem.Duration,, $LOCALIZE[12391]]</value>
		<value condition="Container.Content(tvshows) + !IsEmpty(Window(Home).Property(NextAired.Runtime))">[COLOR $VAR[ColorHighlightVar]]$LOCALIZE[2050]:[/COLOR][CR]$VAR[DurationVar,, $LOCALIZE[12391]]</value>
		<value condition="Container.Content(tvshows)">[COLOR $VAR[ColorHighlightVar]]$LOCALIZE[33054]:[/COLOR][CR]$INFO[ListItem.Property(TotalSeasons)]</value>
		<value condition="Container.Content(seasons)">[COLOR $VAR[ColorHighlightVar]]$LOCALIZE[16101]:[/COLOR][CR]$INFO[ListItem.Property(UnWatchedEpisodes)]</value>
	</variable>
	<variable name="BannerThumb">
		<value condition="!IsEmpty(ListItem.Art(banner))">$INFO[ListItem.Art(banner)]</value>
		<value condition="!IsEmpty(ListItem.Art(poster)) + IsEmpty(ListItem.Art(fanart))">$INFO[ListItem.Art(poster)]</value>
	</variable>
	<variable name="PosterThumb">
		<!--<value condition="!IsEmpty(ListItem.Art(season.poster))">$INFO[ListItem.Art(season.poster)]</value>
		<value condition="!IsEmpty(ListItem.Art(tvshow.poster)) + !Container.Content(seasons)">$INFO[ListItem.Art(tvshow.poster)]</value>-->
		<value condition="!IsEmpty(ListItem.Art(poster))">$INFO[ListItem.Art(poster)]</value>
		<value condition="StringCompare(ListItem.Label,..)">$INFO[ListItem.Icon]</value>
		<value>$INFO[ListItem.Art(thumb)]</value>
	</variable>
	<variable name="FloorLabelVar">
		<value condition="Container.Content(episodes) + SubString(Container.FolderPath,/recentlyaddedepisodes)">$INFO[ListItem.Season,,x]$INFO[ListItem.Episode,,. ]$INFO[ListItem.Title]</value>
		<value>$INFO[ListItem.Label]</value>
	</variable>
	<variable name="FloorSubLabelVar">
		<value condition="Container.Content(episodes)">$INFO[ListItem.TvShowTitle]</value>
		<value condition="Container.Content(addons)">$INFO[ListItem.Property(Addon.Summary)]</value>
		<value condition="Container.Content(musicvideos)">$INFO[ListItem.Artist]</value>
		<value condition="IsEmpty(ListItem.Genre)">$INFO[Window(Home).Property(Set.Movies.Genre)]</value>
		<value condition="!IsEmpty(ListItem.Year)">$INFO[ListItem.Year]$INFO[ListItem.Genre, • ]</value>
		<value>$INFO[ListItem.Genre]</value>
	</variable>
	<variable name="FloorLabel2Var">
		<value condition="Container.Content(artists)">$INFO[ListItem.Property(Artist_Genre)]</value>
		<value condition="Container.Content(songs)">$INFO[ListItem.Duration,, | ]$INFO[ListItem.Album]</value>
		<value condition="Container.Content(addons)">$INFO[ListItem.Property(Addon.Summary)]</value>
		<value condition="Container.Content()">$INFO[ListItem.Comment]</value>
		<value>$INFO[ListItem.Label2]</value>
	</variable>
	<variable name="SeekLabelVar">
		<value condition="Player.Paused + !Player.Caching">$LOCALIZE[112]</value>
		<value condition="Player.Playing + !Player.Seeking + !Player.DisplayAfterSeek | [Player.Paused + !Player.Caching]">$INFO[System.Time]$INFO[Player.FinishTime, - ,]</value>
		<value condition="[Player.Paused + Player.Caching] + !Player.Seeking + !Player.DisplayAfterSeek">$INFO[Player.CacheLevel,$LOCALIZE[15107] ,%]</value>
		<value condition="!IsEmpty(Player.SeekStepSize) + ![Player.Forwarding | Player.Rewinding]">$LOCALIZE[31046] $INFO[Player.SeekStepSize]</value>
		<value condition="Player.DisplayAfterSeek + ![Player.Forwarding | Player.Rewinding]">$LOCALIZE[31046] $INFO[Player.SeekOffset]</value>
		<value condition="!Player.DisplayAfterSeek + Player.Seeking">$LOCALIZE[31046]</value>
	</variable>
	<variable name="MusicSeekLabelVar">
		<value condition="Player.Playing + !Player.Seeking + !Player.DisplayAfterSeek">$INFO[System.Time]</value>
		<value condition="Player.Paused + !Player.Caching">$LOCALIZE[112]</value>
		<value condition="!IsEmpty(Player.SeekStepSize) + ![Player.Forwarding | Player.Rewinding]">$LOCALIZE[31046] $INFO[Player.SeekStepSize]</value>
		<value condition="Player.DisplayAfterSeek + ![Player.Forwarding | Player.Rewinding]">$LOCALIZE[31046] $INFO[Player.SeekOffset]</value>
		<value condition="!Player.DisplayAfterSeek + Player.Seeking">$LOCALIZE[31046]</value>
	</variable>
	<variable name="VideoPlayerForwardRewindVar">
		<value condition="Player.Forwarding2x | Player.Rewinding2x">2x</value>
		<value condition="Player.Forwarding4x | Player.Rewinding4x">4x</value>
		<value condition="Player.Forwarding8x | Player.Rewinding8x">8x</value>
		<value condition="Player.Forwarding16x | Player.Rewinding16x">16x</value>
		<value condition="Player.Forwarding32x | Player.Rewinding32x">32x</value>
	</variable>
	<variable name="PlayerArtworkVar">
		<value condition="VideoPlayer.Content(episodes) + !IsEmpty(Player.Art(tvshow.thumb))">$INFO[Player.Art(tvshow.thumb)]</value>
		<value>$INFO[Player.Art(thumb)]</value>
	</variable>
	<variable name="PlayerTitleLabelVar">
		<value condition="Player.ChapterCount">$INFO[Player.Title]$INFO[player.chapter, • $LOCALIZE[21396] ]$INFO[player.chaptercount, / ,]</value>
		<value>$INFO[Player.Title]</value>
	</variable>
	<variable name="SkinSettingsDescriptionVar">
		<value condition="Control.HasFocus(100)">$LOCALIZE[31912]</value>
		<value condition="Control.HasFocus(101)">$LOCALIZE[31188]</value>
		<value condition="Control.HasFocus(102)">$LOCALIZE[31920]</value>
		<value condition="Control.HasFocus(103)">$LOCALIZE[31921]</value>
		<value condition="Control.HasFocus(104)">$LOCALIZE[31013]</value>
		<value condition="Control.HasFocus(106)">$LOCALIZE[31111]</value>
		<value condition="Control.HasFocus(108)">$LOCALIZE[31020]</value>
		<value condition="Control.HasFocus(109)">$LOCALIZE[31113]</value>
		<value condition="Control.HasFocus(111)">$LOCALIZE[31192]</value>
		<value condition="Control.HasFocus(112)">$LOCALIZE[31203]</value>
		<value condition="Control.HasFocus(113)">$LOCALIZE[31230]</value>
		<value condition="Control.HasFocus(114)">$LOCALIZE[31232]</value>
		<value condition="Control.HasFocus(200)">$LOCALIZE[31917]</value>
		<value condition="Control.HasFocus(201)">$LOCALIZE[31932]</value>
		<value condition="Control.HasFocus(202)">$LOCALIZE[31239]</value>
		<value condition="Control.HasFocus(203)">$LOCALIZE[31944]</value>
		<value condition="Control.HasFocus(204)">$LOCALIZE[31131]</value>
		<value condition="Control.HasFocus(205)">$LOCALIZE[31936]</value>
		<value condition="Control.HasFocus(303) | Control.HasFocus(304)">$LOCALIZE[31121]</value>
		<value condition="Control.HasFocus(305)">$LOCALIZE[31938]</value>
		<value condition="Control.HasFocus(306)">$LOCALIZE[31114]</value>
		<value condition="Control.HasFocus(312)">$LOCALIZE[31136]</value>
		<value condition="Control.HasFocus(402)">$LOCALIZE[31942]</value>
		<value condition="Control.HasFocus(403)">$LOCALIZE[36392]</value>
		<value condition="Control.HasFocus(406)">$LOCALIZE[31183]</value>
		<value condition="Control.HasFocus(407)">$LOCALIZE[31105]</value>
		<value condition="Control.HasFocus(408)">$LOCALIZE[31133]</value>
		<value condition="Control.HasFocus(409)">$LOCALIZE[31134]</value>
		<value condition="Control.HasFocus(502)">$LOCALIZE[31206]</value>
		<value condition="Control.HasFocus(503)">$LOCALIZE[31207]</value>
		<value condition="Control.HasFocus(504)">$LOCALIZE[31208]</value>
		<value condition="Control.HasFocus(505)">$LOCALIZE[31209]</value>
		<value condition="Control.HasFocus(506)">$LOCALIZE[31210]</value>
		<value condition="Control.HasFocus(507)">$LOCALIZE[31220]</value>
		<value condition="Control.HasFocus(600)">$LOCALIZE[31946]</value>
		<value condition="Control.HasFocus(601)">$LOCALIZE[31116]</value>
		<value condition="Control.HasFocus(602)">$LOCALIZE[31918]</value>
		<value condition="Control.HasFocus(603)">$LOCALIZE[31919]</value>
		<value condition="Control.HasFocus(605)">$LOCALIZE[31164]</value>
		<value condition="Control.HasFocus(700)">$LOCALIZE[31234]</value>
		<value condition="Control.HasFocus(701)">$LOCALIZE[31916]</value>
		<value condition="Control.HasFocus(702)">$LOCALIZE[31940]</value>
		<value condition="Control.HasFocus(703)">$LOCALIZE[31968]</value>
		<value condition="Control.HasFocus(704)">$LOCALIZE[31235]</value>
	</variable>
	<variable name="SkinShortcutsDescriptionVar">
		<value condition="Control.HasFocus(401)">$LOCALIZE[31923]</value>
		<value condition="Control.HasFocus(307)">$LOCALIZE[31126]</value>
		<value condition="Control.HasFocus(405)">$LOCALIZE[31150]</value>
		<value condition="Control.HasFocus(310)">$LOCALIZE[31925]</value>
		<value condition="Control.HasFocus(312)">$LOCALIZE[31149]</value>
		<value condition="Control.HasFocus(500)">$LOCALIZE[31933]</value>
		<value condition="Control.HasFocus(501)">$LOCALIZE[31162]</value>
	</variable>
	<variable name="HorizontalListNavVar">
		<value condition="Skin.HasSetting(HorizontalListNav)">$LOCALIZE[31005]</value>
		<value>$LOCALIZE[571]</value>
	</variable>
	<variable name="WidgetStyleVar">
		<value condition="Skin.HasSetting(WidgetStyle)">$LOCALIZE[31059]</value>
		<value>$LOCALIZE[31079]</value>
	</variable>

	<variable name="RatingFlagVar">
		<value condition="SubString(ListItem.mpaa,US:G) | SubString(ListItem.mpaa,USA:G) | SubString(ListItem.mpaa,Rated G)">flags/mpaa/G.png</value>
		<value condition="SubString(ListItem.mpaa,PG-13)">flags/mpaa/PG-13.png</value>
		<value condition="Substring(ListItem.mpaa,Rated PG) | StringCompare(ListItem.Mpaa,PG)">flags/mpaa/PG.png</value>
		<value condition="SubString(ListItem.mpaa,US:R) | SubString(ListItem.mpaa,USA:R) | SubString(ListItem.mpaa,Rated R) | StringCompare(ListItem.mpaa,R)">flags/mpaa/R.png</value>
		<value condition="SubString(ListItem.mpaa,US:NC-17)| SubString(ListItem.mpaa,USA:NC-17)| SubString(ListItem.mpaa,Rated NC-17)">flags/mpaa/NC-17.png</value>
		<value condition="SubString(ListItem.mpaa,UK:U)">flags/mpaa/BBFC_U_Certificate_UK.png</value>
		<value condition="SubString(ListItem.mpaa,UK:PG)">flags/mpaa/BBFC_PG_Certificate_UK.png</value>
		<value condition="SubString(ListItem.mpaa,UK:12A)">flags/mpaa/BBFC_12A_Certificate_UK.png</value>
		<value condition="SubString(ListItem.mpaa,UK:12)">flags/mpaa/BBFC_12_Certificate_UK.png</value>
		<value condition="SubString(ListItem.mpaa,UK:15)">flags/mpaa/BBFC_15_Certificate_UK.png</value>
		<value condition="SubString(ListItem.mpaa,UK:18)">flags/mpaa/BBFC_18_Certificate_UK.png</value>
		<value condition="SubString(ListItem.mpaa,Germany:16) | SubString(ListItem.mpaa,ab 16) | StringCompare(ListItem.mpaa,16) | Substring(ListItem.mpaa,FSK 16) | SubString(ListItem.mpaa,Rated 16)">flags/mpaa/FSK-16.png</value>
		<value condition="SubString(ListItem.mpaa,Germany:6)| SubString(ListItem.mpaa,ab 6) | StringCompare(ListItem.mpaa,6) | Substring(ListItem.mpaa,FSK 16) | SubString(ListItem.mpaa,Rated 6)">flags/mpaa/FSK-6.png</value>
		<value condition="SubString(ListItem.mpaa,Germany:12) | SubString(ListItem.mpaa,ab 12) | StringCompare(ListItem.mpaa,12) | Substring(ListItem.mpaa,FSK 12) | SubString(ListItem.mpaa,Rated 12)">flags/mpaa/FSK-12.png</value>
		<value condition="SubString(ListItem.mpaa,Germany:18) | SubString(ListItem.mpaa,ab 18) | StringCompare(ListItem.mpaa,18) | Substring(ListItem.mpaa,FSK 18) | SubString(ListItem.mpaa,Rated 18)">flags/mpaa/FSK-18.png</value>
		<value condition="SubString(ListItem.mpaa,Germany)|SubString(ListItem.mpaa,FSK)| SubString(ListItem.mpaa,o.A)| SubString(ListItem.mpaa,Rated 0)">flags/mpaa/FSK-0.png</value>
		<value condition="SubString(ListItem.mpaa,besorolás alatt)">flags/mpaa/HU_BA.png</value>
		<value condition="SubString(ListItem.mpaa,korhatárra való tekintett nélkül megtekintetheto)">flags/mpaa/HU_KN.png</value>
		<value condition="SubString(ListItem.mpaa,12 éven aluliak számára a megtekintése nagykorú felügyelete mellett ajánlott)">flags/mpaa/HU_12.png</value>
		<value condition="SubString(ListItem.mpaa,16 éven aluliak számára nem ajánlott)">flags/mpaa/HU_16.png</value>
		<value condition="SubString(ListItem.mpaa,18 éven aluliak számára nem ajánlott)">flags/mpaa/HU_18.png</value>
		<value condition="substring(ListItem.mpaa,France:U) | Substring(ListItem.mpaa,partir de 3 ans) | Substring(ListItem.mpaa,partir de 6 ans)">flags/mpaa/csaU.png</value>
		<value condition="substring(ListItem.mpaa,France:-10) | Substring(ListItem.mpaa,Interdit aux moins de 10 ans) | Substring(ListItem.mpaa,des propos ou des images peuvent heurter)">flags/mpaa/csa10.png</value>
		<value condition="substring(ListItem.mpaa,France:-12) | Substring(ListItem.mpaa,Interdit aux moins de 12 ans)">flags/mpaa/csa12.png</value>
		<value condition="substring(ListItem.mpaa,France:-16) | Substring(ListItem.mpaa,Interdit aux moins de 16 ans)">flags/mpaa/csa16.png</value>
		<value condition="substring(ListItem.mpaa,France:-18) | Substring(ListItem.mpaa,Interdit aux moins de 18 ans)">flags/mpaa/csa18.png</value>
		<value condition="substring(ListItem.mpaa,전체)">flags/mpaa/KR_Certificate_All.png</value>
		<value condition="substring(ListItem.mpaa,12세)">flags/mpaa/KR_Certificate_12.png</value>
		<value condition="substring(ListItem.mpaa,15세)">flags/mpaa/KR_Certificate_15.png</value>
		<value condition="substring(ListItem.mpaa,불가)">flags/mpaa/KR_Certificate_18.png</value>
		<value condition="substring(ListItem.mpaa,제한)">flags/mpaa/KR_Certificate_R.png</value>
		<value condition="substring(ListItem.mpaa,Brazil:Livre) | substring(ListItem.mpaa,Livre)">flags/mpaa/MPAA_Brazil_Livre.png</value>
		<value condition="substring(ListItem.mpaa,Brazil:10) | substring(ListItem.mpaa,10 anos)">flags/mpaa/MPAA_Brazil_10.png</value>
		<value condition="substring(ListItem.mpaa,Brazil:12) | substring(ListItem.mpaa,12 anos)">flags/mpaa/MPAA_Brazil_12.png</value>
		<value condition="substring(ListItem.mpaa,Brazil:14) | substring(ListItem.mpaa,14 anos)">flags/mpaa/MPAA_Brazil_14.png</value>
		<value condition="substring(ListItem.mpaa,Brazil:16) | substring(ListItem.mpaa,16 anos)">flags/mpaa/MPAA_Brazil_16.png</value>
		<value condition="substring(ListItem.mpaa,Brazil:18) | substring(ListItem.mpaa,18 anos)">flags/mpaa/MPAA_Brazil_18.png</value>
		<value condition="substring(ListItem.mpaa,Australia:)">$INFO[ListItem.MPAA,flags/mpaa/australia_,.png]</value>
		<value>$INFO[ListItem.MPAA,flags/mpaa/,.png]</value>
	</variable>
	<variable name="VideoRatingFlagVar">
		<value condition="SubString(VideoPlayer.mpaa,US:G) | SubString(VideoPlayer.mpaa,USA:G) | SubString(VideoPlayer.mpaa,Rated G)">flags/mpaa/G.png</value>
		<value condition="SubString(VideoPlayer.mpaa,PG-13)">flags/mpaa/PG-13.png</value>
		<value condition="Substring(VideoPlayer.mpaa,Rated PG) | StringCompare(VideoPlayer.Mpaa,PG)">flags/mpaa/PG.png</value>
		<value condition="SubString(VideoPlayer.mpaa,US:R) | SubString(VideoPlayer.mpaa,USA:R) | SubString(VideoPlayer.mpaa,Rated R) | StringCompare(VideoPlayer.mpaa,R)">flags/mpaa/R.png</value>
		<value condition="SubString(VideoPlayer.mpaa,US:NC-17)| SubString(VideoPlayer.mpaa,USA:NC-17)| SubString(VideoPlayer.mpaa,Rated NC-17)">flags/mpaa/NC-17.png</value>
		<value condition="SubString(VideoPlayer.mpaa,UK:U)">flags/mpaa/BBFC_U_Certificate_UK.png</value>
		<value condition="SubString(VideoPlayer.mpaa,UK:PG)">flags/mpaa/BBFC_PG_Certificate_UK.png</value>
		<value condition="SubString(VideoPlayer.mpaa,UK:12A)">flags/mpaa/BBFC_12A_Certificate_UK.png</value>
		<value condition="SubString(VideoPlayer.mpaa,UK:12)">flags/mpaa/BBFC_12_Certificate_UK.png</value>
		<value condition="SubString(VideoPlayer.mpaa,UK:15)">flags/mpaa/BBFC_15_Certificate_UK.png</value>
		<value condition="SubString(VideoPlayer.mpaa,UK:18)">flags/mpaa/BBFC_18_Certificate_UK.png</value>
		<value condition="SubString(VideoPlayer.mpaa,Germany:16) | SubString(VideoPlayer.mpaa,ab 16) | StringCompare(VideoPlayer.mpaa,16) | Substring(VideoPlayer.mpaa,FSK 16) | SubString(VideoPlayer.mpaa,Rated 16)">flags/mpaa/FSK-16.png</value>
		<value condition="SubString(VideoPlayer.mpaa,Germany:6)| SubString(VideoPlayer.mpaa,ab 6) | StringCompare(VideoPlayer.mpaa,6) | Substring(VideoPlayer.mpaa,FSK 16) | SubString(VideoPlayer.mpaa,Rated 6)">flags/mpaa/FSK-6.png</value>
		<value condition="SubString(VideoPlayer.mpaa,Germany:12) | SubString(VideoPlayer.mpaa,ab 12) | StringCompare(VideoPlayer.mpaa,12) | Substring(VideoPlayer.mpaa,FSK 12) | SubString(VideoPlayer.mpaa,Rated 12)">flags/mpaa/FSK-12.png</value>
		<value condition="SubString(VideoPlayer.mpaa,Germany:18) | SubString(VideoPlayer.mpaa,ab 18) | StringCompare(VideoPlayer.mpaa,18) | Substring(VideoPlayer.mpaa,FSK 18) | SubString(VideoPlayer.mpaa,Rated 18)">flags/mpaa/FSK-18.png</value>
		<value condition="SubString(VideoPlayer.mpaa,Germany)|SubString(VideoPlayer.mpaa,FSK)| SubString(VideoPlayer.mpaa,o.A)| SubString(VideoPlayer.mpaa,Rated 0)">flags/mpaa/FSK-0</value>
		<value condition="SubString(VideoPlayer.mpaa,besorolás alatt)">flags/mpaa/HU_BA.png</value>
		<value condition="SubString(VideoPlayer.mpaa,korhatárra való tekintett nélkül megtekintetheto)">flags/mpaa/HU_KN.png</value>
		<value condition="SubString(VideoPlayer.mpaa,12 éven aluliak számára a megtekintése nagykorú felügyelete mellett ajánlott)">flags/mpaa/HU_12.png</value>
		<value condition="SubString(VideoPlayer.mpaa,16 éven aluliak számára nem ajánlott)">flags/mpaa/HU_16.png</value>
		<value condition="SubString(VideoPlayer.mpaa,18 éven aluliak számára nem ajánlott)">flags/mpaa/HU_18.png</value>
		<value condition="substring(VideoPlayer.mpaa,France:U) | Substring(VideoPlayer.mpaa,partir de 3 ans) | Substring(VideoPlayer.mpaa,partir de 6 ans)">flags/mpaa/csaU.png</value>
		<value condition="substring(VideoPlayer.mpaa,France:-10) | Substring(VideoPlayer.mpaa,Interdit aux moins de 10 ans) | Substring(VideoPlayer.mpaa,des propos ou des images peuvent heurter)">flags/mpaa/csa10.png</value>
		<value condition="substring(VideoPlayer.mpaa,France:-12) | Substring(VideoPlayer.mpaa,Interdit aux moins de 12 ans)">flags/mpaa/csa12.png</value>
		<value condition="substring(VideoPlayer.mpaa,France:-16) | Substring(VideoPlayer.mpaa,Interdit aux moins de 16 ans)">flags/mpaa/csa16.png</value>
		<value condition="substring(VideoPlayer.mpaa,France:-18) | Substring(VideoPlayer.mpaa,Interdit aux moins de 18 ans)">flags/mpaa/csa18.png</value>
		<value condition="substring(VideoPlayer.mpaa,전체)">flags/mpaa/KR_Certificate_All.png</value>
		<value condition="substring(VideoPlayer.mpaa,12세)">flags/mpaa/KR_Certificate_12.png</value>
		<value condition="substring(VideoPlayer.mpaa,15세)">flags/mpaa/KR_Certificate_15.png</value>
		<value condition="substring(VideoPlayer.mpaa,불가)">flags/mpaa/KR_Certificate_18.png</value>
		<value condition="substring(VideoPlayer.mpaa,제한)">flags/mpaa/KR_Certificate_R.png</value>
		<value condition="substring(VideoPlayer.mpaa,Brazil:Livre) | substring(VideoPlayer.mpaa,Livre)">flags/mpaa/MPAA_Brazil_Livre.png</value>
		<value condition="substring(VideoPlayer.mpaa,Brazil:10) | substring(VideoPlayer.mpaa,10 anos)">flags/mpaa/MPAA_Brazil_10.png</value>
		<value condition="substring(VideoPlayer.mpaa,Brazil:12) | substring(VideoPlayer.mpaa,12 anos)">flags/mpaa/MPAA_Brazil_12.png</value>
		<value condition="substring(VideoPlayer.mpaa,Brazil:14) | substring(VideoPlayer.mpaa,14 anos)">flags/mpaa/MPAA_Brazil_14.png</value>
		<value condition="substring(VideoPlayer.mpaa,Brazil:16) | substring(VideoPlayer.mpaa,16 anos)">flags/mpaa/MPAA_Brazil_16.png</value>
		<value condition="substring(VideoPlayer.mpaa,Brazil:18) | substring(VideoPlayer.mpaa,18 anos)">flags/mpaa/MPAA_Brazil_18.png</value>
		<value>$INFO[VideoPlayer.MPAA,flags/mpaa/,.png]</value>
	</variable>
	<variable name="VizArtistInfoVar">
		<value condition="Skin.HasSetting(Enable.VizInfo)">$LOCALIZE[31106]</value>
		<value condition="Skin.HasSetting(Enable.VizPersistent)">$LOCALIZE[31107]</value>
		<value>$LOCALIZE[1223]</value>
	</variable>
	<variable name="VideoSubLabelVar">
		<value condition="Container.Content(tvshows) | Container.Content(seasons)">$LOCALIZE[20360]: $INFO[ListItem.Property(TotalEpisodes)]$INFO[ListItem.Property(UnWatchedEpisodes), (,[LOWERCASE] $LOCALIZE[16101][/LOWERCASE])]</value>
		<value>$INFO[ListItem.Year,, • ]$INFO[ListItem.RatingAndVotes,, • ]$INFO[ListItem.Duration,, $LOCALIZE[12391]]</value>
	</variable>
	<!--<variable name="AudioChannelVar">
		<value condition="IntegerGreaterThan(ListItem.AudioChannels,7)">7.1</value>
		<value condition="IntegerGreaterThan(ListItem.AudioChannels,6)">6.1</value>
		<value condition="IntegerGreaterThan(ListItem.AudioChannels,5)">5.1</value>
		<value condition="IntegerGreaterThan(ListItem.AudioChannels,4)">5.0</value>
		<value condition="IntegerGreaterThan(ListItem.AudioChannels,3)">4.0</value>
		<value condition="IntegerGreaterThan(ListItem.AudioChannels,2)">2.1</value>
		<value condition="IntegerGreaterThan(ListItem.AudioChannels,1)">2.0</value>
		<value condition="IntegerGreaterThan(ListItem.AudioChannels,0)">1.0</value>
	</variable>
	<variable name="AudioChannelExtendedInfoVar">
		<value condition="IntegerGreaterThan(Window.Property(AudioChannels),7)">7.1</value>
		<value condition="IntegerGreaterThan(Window.Property(AudioChannels),6)">6.1</value>
		<value condition="IntegerGreaterThan(Window.Property(AudioChannels),5)">5.1</value>
		<value condition="IntegerGreaterThan(Window.Property(AudioChannels),4)">5.0</value>
		<value condition="IntegerGreaterThan(Window.Property(AudioChannels),3)">4.0</value>
		<value condition="IntegerGreaterThan(Window.Property(AudioChannels),2)">2.1</value>
		<value condition="IntegerGreaterThan(Window.Property(AudioChannels),1)">2.0</value>
		<value condition="IntegerGreaterThan(Window.Property(AudioChannels),0)">1.0</value>
	</variable>
	<variable name="AudioChannelSearchVar">
		<value condition="IntegerGreaterThan(Container(100).ListItem.Property(AudioChannels),7)">7.1</value>
		<value condition="IntegerGreaterThan(Container(100).ListItem.Property(AudioChannels),6)">6.1</value>
		<value condition="IntegerGreaterThan(Container(100).ListItem.Property(AudioChannels),5)">5.1</value>
		<value condition="IntegerGreaterThan(Container(100).ListItem.Property(AudioChannels),4)">5.0</value>
		<value condition="IntegerGreaterThan(Container(100).ListItem.Property(AudioChannels),3)">4.0</value>
		<value condition="IntegerGreaterThan(Container(100).ListItem.Property(AudioChannels),2)">2.1</value>
		<value condition="IntegerGreaterThan(Container(100).ListItem.Property(AudioChannels),1)">2.0</value>
		<value condition="IntegerGreaterThan(Container(100).ListItem.Property(AudioChannels),0)">1.0</value>
	</variable>-->
	<variable name="HomeNowPlayingThumbVar">
		<value condition="[![Player.Playing | Player.HasAudio | Player.HasVideo] | Window.IsActive(tvchannels)] + !IsEmpty(Window(weather).Property(Current.FanartCode))">$VAR[WeatherIconVar]$INFO[Window(weather).Property(Current.FanartCode),,.png]</value>
		<value condition="[VideoPlayer.Content(movies) | VideoPlayer.Content(musicvideos)] + !IsEmpty(Player.Art(poster))">$INFO[Player.Art(poster)]</value>
		<value condition="VideoPlayer.Content(episodes) + !IsEmpty(Player.Art(tvshow.poster))">$INFO[Player.Art(tvshow.poster)]</value>
		<value condition="VideoPlayer.Content(livetv) + !IsEmpty(VideoPlayer.Cover)">$INFO[VideoPlayer.Cover]</value>
		<value condition="VideoPlayer.Content(livetv)">$INFO[Player.Art(thumb)]</value>
		<value condition="Player.Playing | Player.HasVideo | Player.HasAudio">$INFO[Player.Art(thumb)]</value>
		<value>DefaultAddonNone.png</value>
	</variable>
	<variable name="ColorHighlightVar">
		<value condition="Skin.HasSetting(ColorCustomizer.Enabled) + !IsEmpty(Skin.String(highlightcolor.name))">$INFO[Skin.String(highlightcolor.name)]</value>
		<value>highlight</value>
	</variable>
	<variable name="ColorBackgroundVar">
		<value condition="Skin.HasSetting(ColorCustomizer.Enabled) + !IsEmpty(Skin.String(backgroundcolor.name))">$INFO[Skin.String(backgroundcolor.name)]</value>
		<value>background</value>
	</variable>
	<variable name="ColorDialogVar">
		<value condition="Skin.HasSetting(ColorCustomizer.Enabled) + !IsEmpty(Skin.String(dialogcolor.name))">$INFO[Skin.String(dialogcolor.name)]</value>
		<value>dialog</value>
	</variable>
	<variable name="ColorTextVar">
		<value condition="Skin.HasSetting(ColorCustomizer.Enabled) + !IsEmpty(Skin.String(textcolor.name))">$INFO[Skin.String(textcolor.name)]</value>
		<value>maintext</value>
	</variable>
	<variable name="ColorMenuVar">
		<value condition="Skin.HasSetting(ColorCustomizer.Enabled) + !IsEmpty(Skin.String(menucolor.name))">$INFO[Skin.String(menucolor.name)]</value>
		<value>maintext</value>
	</variable>
	<variable name="ExtraFanartVar">
		<value condition="Skin.HasSetting(Enable.Extra.Fanart) + !IsEmpty(ListItem.Art(extrafanart1))">$INFO[Control.GetLabel(4410)]</value>
		<value condition="Skin.HasSetting(Enable.Landscape.Art) + !IsEmpty(ListItem.Art(landscape))">$INFO[ListItem.Art(landscape)]</value>
		<value>$INFO[ListItem.Art(fanart)]</value>
	</variable>
	<variable name="ArtLabelVar">
		<value condition="[Control.IsVisible(57) + Skin.HasSetting(Enable.ShiftLandscape) + Window.IsActive(videolibrary)] | [Control.IsVisible(500) + Skin.HasSetting(Enable.IconLandscape)] | [Control.IsVisible(505) + !Skin.HasSetting(Enable.PanelFanart) + !Skin.HasSetting(Enable.PanelLogo)] | [Control.IsVisible(507) + !Skin.HasSetting(Enable.BigListPoster) + !Skin.HasSetting(Enable.BigListLogo) + !Skin.HasSetting(Enable.BigListFanart) + !Window.IsActive(musiclibrary)] | [Control.IsVisible(509) + Skin.HasSetting(Enable.WallLandscape)] | [Control.IsVisible(52) + Skin.HasSetting(Enable.ThumbnailLandscape) + [Container.Content(movies) | Container.Content(tvshows)]]">$LOCALIZE[31100]</value>
		<value condition="[Control.IsVisible(51) + Skin.HasSetting(InfoWall.Banners)] | [Control.IsVisible(500) + Skin.HasSetting(Enable.IconBanner)] | [Control.IsVisible(509) + Skin.HasSetting(Enable.WallBanner)]">$LOCALIZE[31085]</value>
		<value condition="[Control.IsVisible(500) + Skin.HasSetting(Enable.IconLogo) + !Container.Content(seasons)] | [Control.IsVisible(505) + Skin.HasSetting(Enable.PanelLogo)] | [Control.IsVisible(507) + Skin.HasSetting(Enable.BigListLogo)] | [Control.IsVisible(509) + Skin.HasSetting(Enable.WallLogo) + !Container.Content(seasons)] | [Control.IsVisible(52) + Skin.HasSetting(Enable.ThumbnailLogo) + [Container.Content(movies) | Container.Content(tvshows)]]">$LOCALIZE[31088]</value>
		<value condition="[Control.IsVisible(57) + !Skin.HasSetting(Enable.ShiftFanart) + Window.IsActive(musiclibrary)] | [Control.IsVisible(507) + [Skin.HasSetting(Enable.BigListThumb) | Container.Content(albums)]]">$LOCALIZE[21371]</value>
		<value condition="[Control.IsVisible(57) + Window.IsActive(musiclibrary) + Skin.HasSetting(Enable.ShiftFanart)] | [Control.IsVisible(57) + Window.IsActive(videolibrary) + Skin.HasSetting(Enable.ShiftVidFanart)] | [Control.IsVisible(505) + Skin.HasSetting(Enable.PanelFanart)] | [Control.IsVisible(507) + Window.IsActive(musiclibrary) + !Skin.HasSetting(Enable.BigListThumb)] | [Control.IsVisible(507) + Window.IsActive(videolibrary) + Skin.HasSetting(Enable.BigListFanart)] | [Control.IsVisible(52) + Skin.HasSetting(Enable.ThumbnailFanart)]">$LOCALIZE[20445]</value>
		<value>$LOCALIZE[31016]</value>
	</variable>
	<variable name="Art2LabelVar">
		<value condition="Skin.HasSetting(Enable.Extra.Fanart) + !IsEmpty(ListItem.Art(extrafanart1))">$LOCALIZE[31118]</value>
		<value condition="Skin.HasSetting(Enable.Landscape.Art) + !IsEmpty(ListItem.Art(landscape))">$LOCALIZE[31100]</value>
		<value>$LOCALIZE[20445]</value>
	</variable>
	<variable name="LandscapeArtVar">
		<value condition="!IsEmpty(ListItem.Art(landscape)) + !Container.Content(episodes)">$INFO[ListItem.Art(landscape)]</value>
		<value condition="!IsEmpty(ListItem.Art(fanart)) + !Container.Content(episodes)">$INFO[ListItem.Art(fanart)]</value>
		<value condition="!IsEmpty(ListItem.Thumb)">$INFO[ListItem.Thumb]</value>
		<value>DefaultFallback.png</value>
	</variable>
	<variable name="SortDirection">
		<value condition="Container.SortDirection(Ascending)">$LOCALIZE[31050]</value>
		<value condition="Container.SortDirection(Descending)">$LOCALIZE[31051]</value>
	</variable>
	<variable name="WeatherIconVar">
		<value condition="System.HasAddon(script.image.resource.select) + !IsEmpty(Skin.String(weathericons.path))">$INFO[Skin.String(weathericons.path)]</value>
		<value>resource://resource.images.weathericons.default/</value>
	</variable>
	<variable name="WidgetIconLabel">
		<value condition="!IsEmpty(Container(211).ListItem.Property(widgetIcon))">$INFO[Container(211).ListItem.Property(widgetIcon)]</value>
		<value>$LOCALIZE[31016]</value>
	</variable>
    <variable name="WeatherFanartExtension">
        <value condition="Skin.HasSetting(weatherfanart.multi)">/</value>
        <value>.jpg</value>
    </variable>
    <variable name="HeaderIcon">
    	<value condition="Window.IsActive(script-The Big Picture-main.xml)">$INFO[System.AddonIcon(script.image.bigpictures)]</value>
        <value condition="Window.IsVisible(DialogMuteBug.xml)">DefaultIconMute.png</value>
        <value condition="Window.IsVisible(DialogFavourites.xml)">DefaultIconFavourite.png</value>
        <value condition="Player.HasAudio + [Window.IsVisible(fullscreenvideo) | Window.IsVisible(visualisation)]">DefaultMusicSongs.png</value>
        <value condition="Player.HasVideo + VideoPlayer.Content(livetv) + [Window.IsVisible(fullscreenvideo) | Window.IsVisible(visualisation)]">DefaultAddonPVRClient.png</value>
        <value condition="Player.HasVideo + VideoPlayer.Content(movies) + [Window.IsVisible(fullscreenvideo) | Window.IsVisible(visualisation)]">DefaultVideo.png</value>
        <value condition="Player.HasVideo + VideoPlayer.Content(episodes) + [Window.IsVisible(fullscreenvideo) | Window.IsVisible(visualisation)]">DefaultTVShows.png</value>
        <value condition="Player.HasVideo + [Window.IsVisible(fullscreenvideo) | Window.IsVisible(visualisation) | Window.IsVisible(home)]">DefaultVideo.png</value>
        <value condition="Window.IsVisible(script-Rom_Collection_Browser-main.xml)">DefaultProgram.png</value>
        <value condition="Window.IsVisible(script-ExtendedInfo Script-VideoList.xml)">DefaultMovies.png</value>
        <value condition="Window.IsVisible(script-ExtendedInfo Script-YoutubeList.xml)">YouTube.png</value>
        <value condition="Window.IsVisible(script-NextAired-TVGuide.xml) | Window.IsVisible(script-NextAired-TVGuide2.xml)">DefaultAddonPVRClient.png</value>
        <value condition="Window.IsVisible(script-globalsearch-main.xml)">DefaultIconSearch.png</value>
        <value condition="SubString(Container.FolderPath,sources://,Left)">DefaultFile.png</value>
        <value condition="Window.IsVisible(musicplaylist) | Window.IsVisible(videoplaylist)">DefaultPlaylist.png</value>
        <value condition="SubString(Container.FolderPath,special://videoplaylists/,Left)">DefaultPlaylist.png</value>
        <value condition="StringCompare(Container.FolderPath,special://profile/playlists/)">DefaultPlaylist.png</value>
        <value condition="StringCompare(Container.FolderPath,special://profile/playlists/video/)">DefaultPlaylist.png</value>
        <value condition="StringCompare(Container.FolderPath,special://profile/playlists/music/)">DefaultPlaylist.png</value>
        <value condition="StringCompare(Container.FolderPath,special://profile/playlists/mixed/)">DefaultPlaylist.png</value>
        <value condition="Window.IsVisible(MyMusicPlaylistEditor.xml) | Window.IsVisible(MyMusicNav.xml) | Window.IsVisible(MyMusicSongs.xml)">DefaultMusicSongs.png</value>
        <value condition="SubString(Container.FolderPath,library://video/movies/,Left)">DefaultMovies.png</value>
        <value condition="SubString(Container.FolderPath,library://video/tvshows/,Left)">DefaultTVShows.png</value>
        <value condition="SubString(Container.FolderPath,videodb://movies/,Left)">DefaultMovies.png</value>
        <value condition="SubString(Container.FolderPath,videodb://tvshows/,Left)">DefaultTVShows.png</value>
        <value condition="SubString(Container.FolderPath,plugin://,Left)">DefaultMovies.png</value>
        <value condition="Container.Content(movies)">DefaultMovies.png</value>
        <value condition="Container.Content(tvshows) | Container.Content(seasons) | Container.Content(episodes) | Window.IsVisible(script-lazytv-BigScreenList.xml) | Window.IsVisible(script-lazytv-main.xml)">DefaultTVShows.png</value>
        <value condition="Container.Content(songs)">DefaultMusicSongs.png</value>
        <value condition="Container.Content(livetv)">DefaultAddonPVRClient.png</value>
        <value condition="Container.Content(files)">DefaultFile.png</value>
        <value condition="Container.Content(plugins)">DefaultMovies.png</value>
        <value condition="Container.Content(addons)">DefaultAddon.png</value>
        <value condition="SubString(Container.FolderPath,videodb://musicvideos/,Left)">DefaultMovies.png</value>
        <value condition="Window.IsVisible(MyPVRChannels.xml) | Window.IsVisible(MyPVRSearch.xml) | Window.IsVisible(MyPVRTimers.xml) | Window.IsVisible(MyPVRGuide.xml) | Window.IsVisible(MyPVRRecordings.xml)">DefaultAddonPVRClient.png</value>
        <value condition="Window.IsVisible(MyMusicPlaylistEditor.xml) | Window.IsVisible(MyMusicNav.xml) | Window.IsVisible(MyMusicSongs.xml)">DefaultMusicSongs.png</value>
        <value condition="Window.IsVisible(MyPics.xml)">DefaultPicture.png</value>
        <value condition="Window.IsVisible(MyPrograms.xml) | Window.IsVisible(AddonBrowser.xml)">DefaultAddon.png</value>
        <value condition="Window.IsVisible(weather)">DefaultAddonWeather.png</value>
        <value condition="Window.IsVisible(SettingsSystemInfo.xml) | Window.IsVisible(SettingsCategory.xml) | Window.IsVisible(settings) | Window.IsVisible(SkinSettings.xml) | Window.IsVisible(EventLog.xml) | Window.IsVisible(profiles)">DefaultIconSettings.png</value>
        <value condition="Window.IsVisible(FileManager.xml)">DefaultFile.png</value>
        <value condition="Window.IsVisible(MyVideoNav.xml)">DefaultMovies.png</value>
        <value condition="Window.IsActive(home)">DefaultIconHome.png</value>
        <value>DefaultArtist.png</value>
    </variable>
    <variable name="HeaderSubLabel">
    	<value condition="Window.IsActive(script-The Big Picture-main.xml)">$INFO[Container(100).ListItem.Label]</value>
    	<value condition="[Window.IsActive(script-NextAired-TVGuide.xml) | Window.IsActive(script-NextAired-TVGuide2.xml)] + Container(9000).HasFocus(1)">$INFO[Container(200).NumItems,, $LOCALIZE[31025]]</value>
    	<value condition="[Window.IsActive(script-NextAired-TVGuide.xml) | Window.IsActive(script-NextAired-TVGuide2.xml)] + Container(9000).HasFocus(2)">$INFO[Container(201).NumItems,, $LOCALIZE[31025]]</value>
    	<value condition="[Window.IsActive(script-NextAired-TVGuide.xml) | Window.IsActive(script-NextAired-TVGuide2.xml)] + Container(9000).HasFocus(3)">$INFO[Container(202).NumItems,, $LOCALIZE[31025]]</value>
    	<value condition="[Window.IsActive(script-NextAired-TVGuide.xml) | Window.IsActive(script-NextAired-TVGuide2.xml)] + Container(9000).HasFocus(4)">$INFO[Container(203).NumItems,, $LOCALIZE[31025]]</value>
    	<value condition="[Window.IsActive(script-NextAired-TVGuide.xml) | Window.IsActive(script-NextAired-TVGuide2.xml)] + Container(9000).HasFocus(5)">$INFO[Container(204).NumItems,, $LOCALIZE[31025]]</value>
    	<value condition="[Window.IsActive(script-NextAired-TVGuide.xml) | Window.IsActive(script-NextAired-TVGuide2.xml)] + Container(9000).HasFocus(6)">$INFO[Container(205).NumItems,, $LOCALIZE[31025]]</value>
    	<value condition="[Window.IsActive(script-NextAired-TVGuide.xml) | Window.IsActive(script-NextAired-TVGuide2.xml)] + Container(9000).HasFocus(7)">$INFO[Container(206).NumItems,, $LOCALIZE[31025]]</value>
    	<value condition="Window.IsActive(script-NextAired-TVGuide2.xml) + Container(9000).HasFocus(8)">$INFO[Container(207).NumItems,, $LOCALIZE[31025]]</value>
    	<value condition="Window.IsActive(script-NextAired-TVGuide2.xml) + Container(9000).HasFocus(9)">$INFO[Container(208).NumItems,, $LOCALIZE[31025]]</value>
    	<value condition="Window.IsActive(script-NextAired-TVGuide2.xml) + Container(9000).HasFocus(10)">$INFO[Container(209).NumItems,, $LOCALIZE[31025]]</value>
    	<value condition="Window.IsActive(script-NextAired-TVGuide2.xml) + Container(9000).HasFocus(11)">$INFO[Container(210).NumItems,, $LOCALIZE[31025]]</value>
    	<value condition="Window.IsActive(script-NextAired-TVGuide2.xml) + Container(9000).HasFocus(12)">$INFO[Container(211).NumItems,, $LOCALIZE[31025]]</value>
    	<value condition="Window.IsActive(script-NextAired-TVGuide2.xml) + Container(9000).HasFocus(13)">$INFO[Container(212).NumItems,, $LOCALIZE[31025]]</value>
    	<value condition="Window.IsActive(script-NextAired-TVGuide2.xml) + Container(9000).HasFocus(14)">$INFO[Container(213).NumItems,, $LOCALIZE[31025]]</value>
    	<value condition="Window.IsActive(script-NextAired-TVGuide2.xml) + Container(9000).HasFocus(15)">$INFO[Container(214).NumItems,, $LOCALIZE[31025]]</value>
    	<value condition="Window.IsActive(script-NextAired-TVGuide2.xml) + Container(9000).HasFocus(16)">$INFO[Container(215).NumItems,, $LOCALIZE[31025]]</value>
    	<value condition="Window.IsVisible(script-lazytv-BigScreenList.xml) | Window.IsVisible(script-lazytv-main.xml)">$INFO[Container(655).NumItems,, $LOCALIZE[31025]]</value>
    	<value condition="Window.IsActive(profiles)">$LOCALIZE[13200]</value>
    	<value condition="Window.IsActive(systeminfo)">$INFO[Control.GetLabel(52)]</value>
    	<value condition="Window.IsActive(favourites)">$INFO[Container(450).NumItems,, $LOCALIZE[31025]]</value>
    	<value condition="Window.IsActive(filemanager) + [Control.HasFocus(20) | Control.HasFocus(30)]">$INFO[Container(20).NumItems,, $LOCALIZE[31025]]</value>
    	<value condition="Window.IsActive(filemanager) + [Control.HasFocus(21) | Control.HasFocus(31)]">$INFO[Container(21).NumItems,, $LOCALIZE[31025]]</value>
    	<value condition="Window.IsActive(script-globalsearch-main.xml)">$LOCALIZE[31186] "$INFO[Window.Property(GlobalSearch.SearchString)]"</value>
    	<value condition="Window.IsActive(script-ExtendedInfo Script-VideoList.xml) | Window.IsActive(script-ExtendedInfo Script-YouTubeList.xml)">$INFO[Window.Property(TotalItems),, $LOCALIZE[31025]]</value>
    	<value condition="Window.IsActive(picturessettings)">$LOCALIZE[1]</value>
    	<value condition="Window.IsActive(programsettings)">$LOCALIZE[0]</value>
    	<value condition="Window.IsActive(weathersettings)">$LOCALIZE[8]</value>
    	<value condition="Window.IsActive(musicsettings)">$LOCALIZE[2]</value>
    	<value condition="Window.IsActive(systemsettings)">$LOCALIZE[13000]</value>
    	<value condition="Window.IsActive(videossettings)">$LOCALIZE[13280]</value>
    	<value condition="Window.IsActive(servicesettings)">$LOCALIZE[13279]</value>
    	<value condition="Window.IsActive(appearancesettings)">$LOCALIZE[480]</value>
    	<value condition="Window.IsActive(pvrsettings)">$LOCALIZE[19020]</value>
    	<value condition="Window.IsActive(skinsettings)">$LOCALIZE[166]</value>
    	<value condition="Window.IsActive(settings)">$INFO[System.FriendlyName]</value>
    	<value condition="Window.IsActive(home)">$VAR[LibraryStatsVar]</value>
    	<value>$INFO[Container.NumItems,, $LOCALIZE[31025]]</value>
    </variable>
    <variable name="ThumbViewImage">
    	<value condition="Window.IsActive(videos) + Container.Content(genres)">$INFO[ListItem.Label,special://skin/extras/videogenre/,.png]</value>
    	<value condition="Skin.HasSetting(Enable.ThumbnailFanart) + !IsEmpty(ListItem.Art(fanart)) + [Container.Content(movies) | Container.Content(tvshows) | Container.Content(seasons) | Container.Content(sets)]">$INFO[ListItem.Art(fanart)]</value>
    	<value condition="Skin.HasSetting(Enable.ThumbnailLandscape) + !IsEmpty(ListItem.Art(landscape))">$INFO[ListItem.Art(landscape)]</value>
    	<value condition="Skin.HasSetting(Enable.ThumbnailLogo) + !IsEmpty(ListItem.Art(clearlogo)) + [Container.Content(movies) | Container.Content(tvshows)]">$INFO[ListItem.Art(clearlogo)]</value>
    	<value condition="!IsEmpty(ListItem.Thumb)">$INFO[ListItem.Thumb]</value>
        <value>$INFO[ListItem.Icon]</value>
    </variable>
    <variable name="TopbarFadeLabel1">
    	<value condition="![Player.Playing | Player.HasAudio | Player.HasVideo] | Window.IsActive(tvchannels)">$INFO[System.Time]</value>
    	<value condition="VideoPlayer.Content(episodes)">$INFO[VideoPlayer.Season]$INFO[VideoPlayer.Episode,X,. ]$INFO[Player.Title]</value>
    	<value>$INFO[Player.Title]</value>
    </variable>
    <variable name="TopbarFadeLabel2">
    	<value condition="![Player.Playing | Player.HasAudio | Player.HasVideo] | Window.IsActive(tvchannels)">$INFO[System.Date]</value>
    	<value condition="VideoPlayer.Content(livetv)">$INFO[VideoPlayer.ChannelNumber,,: ]$INFO[VideoPlayer.ChannelName]</value>
    	<value condition="VideoPlayer.Content(episodes)">$INFO[VideoPlayer.Premiered,, • ]$INFO[VideoPlayer.TvShowTitle]</value>
    	<value condition="VideoPlayer.Content(movies)">$INFO[VideoPlayer.Year]$INFO[VideoPlayer.Genre, • ]</value>
    	<value condition="VideoPlayer.Content(musicvideos)">$INFO[VideoPlayer.Artist]</value>
    	<value condition="Player.HasAudio + !IsEmpty(MusicPlayer.Artist)">$INFO[MusicPlayer.Artist]$INFO[MusicPlayer.Album, • ]</value>
    	<value>$INFO[Player.Time] / $INFO[Player.Duration]</value>
    </variable>
    <variable name="AddonDisclaimer">
    	<value condition="!IsEmpty(ListItem.Property(Addon.Disclaimer))">[COLOR $VAR[ColorHighlightVar]]$LOCALIZE[24052]: [/COLOR][CR]$INFO[ListItem.Property(Addon.Disclaimer)]</value>
    </variable>
    <variable name="LibraryStatsVar">
		<value condition="StringCompare(Container(9000).ListItem.Property(InfoLine),$LOCALIZE[31097])">$LOCALIZE[20342]: $INFO[Window(Home).Property(Movies.Count)]  •  $LOCALIZE[16102]: $INFO[Window(Home).Property(Movies.Watched)]  •  $LOCALIZE[16101]: $INFO[Window(Home).Property(Movies.UnWatched)]</value>
		<value condition="StringCompare(Container(9000).ListItem.Property(InfoLine),$LOCALIZE[31098])">$LOCALIZE[20343]: $INFO[Window(Home).Property(TVShows.Count)]  •  $LOCALIZE[20360]: $INFO[Window(Home).Property(Episodes.Count)]  •  $LOCALIZE[16101]: $INFO[Window(Home).Property(Episodes.UnWatched)]</value>
		<value condition="StringCompare(Container(9000).ListItem.Property(InfoLine),$LOCALIZE[31099])">$LOCALIZE[133]: $INFO[Window(Home).Property(Music.ArtistsCount)]  •  $LOCALIZE[132]: $INFO[Window(Home).Property(Music.AlbumsCount)]  •  $LOCALIZE[134]: $INFO[Window(Home).Property(Music.SongsCount)]</value>
		<value condition="StringCompare(Container(9000).ListItem.Property(InfoLine),$LOCALIZE[31058]) + PVR.IsRecording">$LOCALIZE[19158]: $INFO[PVR.NowRecordingDateTime]  •  $LOCALIZE[19029]: $INFO[PVR.NowRecordingTitle] ($INFO[PVR.NowRecordingChannel])</value>
		<value condition="StringCompare(Container(9000).ListItem.Property(InfoLine),$LOCALIZE[31058]) + PVR.HasNonRecordingTimer">$LOCALIZE[19157]: $INFO[PVR.NextRecordingDateTime]  •  $LOCALIZE[19029]: $INFO[PVR.NextRecordingTitle] ($INFO[PVR.NextRecordingChannel])</value>
		<value condition="StringCompare(Container(9000).ListItem.Property(InfoLine),$LOCALIZE[31058])">$LOCALIZE[19019]: $INFO[Pvr.BackendChannels]  •  $LOCALIZE[19163]: $INFO[Pvr.BackendRecordings]</value>
		<value condition="StringCompare(Container(9000).ListItem.Property(InfoLine),$LOCALIZE[20088])">$INFO[Weather.Location]: $INFO[Weather.Conditions]</value>
		<value condition="StringCompare(Container(9000).ListItem.Property(InfoLine),$LOCALIZE[31061])">$LOCALIZE[20161] $LOCALIZE[24001]: $INFO[Window(Home).Property(SkinHelper.TotalAddons)]  •  $LOCALIZE[1036]: $INFO[Window(Home).Property(SkinHelper.TotalFavourites)]</value>
		<value condition="StringCompare(Container(9000).ListItem.Property(InfoLine),$LOCALIZE[31082])">$LOCALIZE[20389]: $INFO[Window(Home).Property(MusicVideos.Count)]  •  $LOCALIZE[16102]: $INFO[Window(Home).Property(MusicVideos.Watched)]  •  $LOCALIZE[16101]: $INFO[Window(Home).Property(MusicVideos.UnWatched)]</value>
		<value condition="StringCompare(Container(9000).ListItem.Property(InfoLine),$LOCALIZE[130])">$LOCALIZE[31309] $INFO[System.memory(used.percent)]  •  $LOCALIZE[13271] $INFO[System.CPUUsage]</value>
		<value condition="StringCompare(Container(9000).ListItem.Property(InfoLine),$LOCALIZE[31130])">$LOCALIZE[20342]: $INFO[Window(Home).Property(PlaylistCount)]  •  $LOCALIZE[16102]: $INFO[Window(Home).Property(PlaylistWatched)]  •  $LOCALIZE[16101]: $INFO[Window(Home).Property(PlaylistUnWatched)]  •  $LOCALIZE[575]: $INFO[Window(Home).Property(PlaylistInProgress)]</value>
		<value condition="StringCompare(Container(9000).ListItem.Property(InfoLine),$LOCALIZE[31131])">$LOCALIZE[20343]: $INFO[Window(Home).Property(PlaylistTVShowCount)]  •  $LOCALIZE[20360]: $INFO[Window(Home).Property(PlaylistEpisodes)]  •  $LOCALIZE[16101]: $INFO[Window(Home).Property(PlaylistEpisodesUnWatched)]</value>
		<value condition="StringCompare(Container(9000).ListItem.Property(InfoLine),$LOCALIZE[31132])">$LOCALIZE[20389]: $INFO[Window(Home).Property(PlaylistCount)]  •  $LOCALIZE[16102]: $INFO[Window(Home).Property(PlaylistWatched)]  •  $LOCALIZE[16101]: $INFO[Window(Home).Property(PlaylistUnWatched)]  •  $LOCALIZE[575]: $INFO[Window(Home).Property(PlaylistInProgress)]</value>
		<value>$INFO[Container(9000).ListItem.Label]</value>
	</variable>
	<variable name="WidgetNameLabelVar">
		<value condition="!StringCompare(Container(9000).ListItem.Property(widgetName),weather)">$INFO[Container(9000).ListItem.Property(widgetName)]</value>
		<value condition="StringCompare(Container(9000).ListItem.Property(widgetName),weather) + !Weather.IsFetched">$LOCALIZE[31909]</value>
	</variable>
	<variable name="WidgetLimit">
		<value condition="Skin.HasSetting(Enable.WidgetLimit)">25</value>
		<value condition="!Skin.HasSetting(Enable.WidgetLimit)">1000</value>
	</variable>
</includes>
