<?xml version="1.0" encoding="UTF-8"?>
<includes>
	<!-- Fullscreen Wall -->
	<include name="View_509_Wall">
		<control type="group">
			<visible>Control.IsVisible(509)</visible>
			<include>Animation.Common</include>
			<top>-15</top>
			<control type="image">
            	<visible>[Container.Content(sets) | [[Container.Content(movies) | Container.Content(tvshows) | Container.Content(seasons)] + !Skin.HasSetting(Enable.WallLandscape) + !Skin.HasSetting(Enable.WallBanner) + !Skin.HasSetting(Enable.WallLogo)] | [Container.Content(seasons) + Skin.HasSetting(Enable.WallLandscape)] | [Container.Content(seasons) + Skin.HasSetting(Enable.WallLogo)]] + Control.HasFocus(509)</visible>
                <left>14</left>
                <top>15</top>
                <width>247</width>
                <height>358</height>
                <include>FocusedBackgroundFade</include>
                <texture colordiffuse="$VAR[ColorHighlightVar]">listselect_fo.png</texture>
                <animation effect="slide" end="0,346" time="300" tween="cubic" easing="inout" condition="IntegerGreaterThan(Container(509).Row,1)">Conditional</animation>
                <animation effect="slide" end="0,346" time="300" tween="cubic" easing="inout" condition="IntegerGreaterThan(Container(509).Row,0)">Conditional</animation>
                <animation effect="slide" end="235,0" time="300" tween="cubic" easing="inout" condition="IntegerGreaterThan(Container(509).Column,6)">Conditional</animation>
                <animation effect="slide" end="235,0" time="300" tween="cubic" easing="inout" condition="IntegerGreaterThan(Container(509).Column,5)">Conditional</animation>
                <animation effect="slide" end="235,0" time="300" tween="cubic" easing="inout" condition="IntegerGreaterThan(Container(509).Column,4)">Conditional</animation>
                <animation effect="slide" end="235,0" time="300" tween="cubic" easing="inout" condition="IntegerGreaterThan(Container(509).Column,3)">Conditional</animation>
                <animation effect="slide" end="235,0" time="300" tween="cubic" easing="inout" condition="IntegerGreaterThan(Container(509).Column,2)">Conditional</animation>
                <animation effect="slide" end="235,0" time="300" tween="cubic" easing="inout" condition="IntegerGreaterThan(Container(509).Column,1)">Conditional</animation>
                <animation effect="slide" end="235,0" time="300" tween="cubic" easing="inout" condition="IntegerGreaterThan(Container(509).Column,0)">Conditional</animation>
            </control>
            <control type="image">
            	<visible>[Container.Content(movies) | Container.Content(tvshows)] + Control.HasFocus(509) + [Skin.HasSetting(Enable.WallLandscape) | Skin.HasSetting(Enable.WallLogo)]</visible>
                <left>50</left>
                <top>14</top>
                <width>464</width>
                <height>272</height>
                <include>FocusedBackgroundFade</include>
                <texture colordiffuse="$VAR[ColorHighlightVar]">listselect_fo.png</texture>
                <animation effect="slide" end="0,260" time="300" tween="cubic" easing="inout" condition="IntegerGreaterThan(Container(509).Row,2)">Conditional</animation>
                <animation effect="slide" end="0,260" time="300" tween="cubic" easing="inout" condition="IntegerGreaterThan(Container(509).Row,1)">Conditional</animation>
                <animation effect="slide" end="0,260" time="300" tween="cubic" easing="inout" condition="IntegerGreaterThan(Container(509).Row,0)">Conditional</animation>
                <animation effect="slide" end="452,0" time="300" tween="cubic" easing="inout" condition="IntegerGreaterThan(Container(509).Column,2)">Conditional</animation>
                <animation effect="slide" end="452,0" time="300" tween="cubic" easing="inout" condition="IntegerGreaterThan(Container(509).Column,1)">Conditional</animation>
                <animation effect="slide" end="452,0" time="300" tween="cubic" easing="inout" condition="IntegerGreaterThan(Container(509).Column,0)">Conditional</animation>
            </control>
            <control type="image">
            	<visible>[Container.Content(movies) | Container.Content(tvshows) | Container.Content(seasons)] + Control.HasFocus(509) + Skin.HasSetting(Enable.WallBanner)</visible>
                <left>72</left>
                <top>15</top>
                <width>894</width>
                <height>185</height>
                <include>FocusedBackgroundFade</include>
                <texture colordiffuse="$VAR[ColorHighlightVar]">listselect_fo.png</texture>
                <animation effect="slide" end="0,173" time="300" tween="cubic" easing="inout" condition="IntegerGreaterThan(Container(509).Row,4)">Conditional</animation>
                <animation effect="slide" end="0,173" time="300" tween="cubic" easing="inout" condition="IntegerGreaterThan(Container(509).Row,3)">Conditional</animation>
                <animation effect="slide" end="0,173" time="300" tween="cubic" easing="inout" condition="IntegerGreaterThan(Container(509).Row,2)">Conditional</animation>
                <animation effect="slide" end="0,173" time="300" tween="cubic" easing="inout" condition="IntegerGreaterThan(Container(509).Row,1)">Conditional</animation>
                <animation effect="slide" end="0,173" time="300" tween="cubic" easing="inout" condition="IntegerGreaterThan(Container(509).Row,0)">Conditional</animation>
                <animation effect="slide" end="882,0" time="300" tween="cubic" easing="inout" condition="Container(509).Column(1)">Conditional</animation>
            </control>
            <control type="image">
            	<visible>[Container.Content(artists) | Container.Content(albums) | Window.IsActive(pictures)] + Control.HasFocus(509)</visible>
                <left>44</left>
                <top>14</top>
                <width>272</width>
                <height>272</height>
                <include>FocusedBackgroundFade</include>
                <texture colordiffuse="$VAR[ColorHighlightVar]">listselect_fo.png</texture>
                <animation effect="slide" end="0,260" time="300" tween="cubic" easing="inout" condition="IntegerGreaterThan(Container(509).Row,2)">Conditional</animation>
                <animation effect="slide" end="0,260" time="300" tween="cubic" easing="inout" condition="IntegerGreaterThan(Container(509).Row,1)">Conditional</animation>
                <animation effect="slide" end="0,260" time="300" tween="cubic" easing="inout" condition="IntegerGreaterThan(Container(509).Row,0)">Conditional</animation>
                <animation effect="slide" end="260,0" time="300" tween="cubic" easing="inout" condition="IntegerGreaterThan(Container(509).Column,5)">Conditional</animation>
                <animation effect="slide" end="260,0" time="300" tween="cubic" easing="inout" condition="IntegerGreaterThan(Container(509).Column,4)">Conditional</animation>
                <animation effect="slide" end="260,0" time="300" tween="cubic" easing="inout" condition="IntegerGreaterThan(Container(509).Column,3)">Conditional</animation>
                <animation effect="slide" end="260,0" time="300" tween="cubic" easing="inout" condition="IntegerGreaterThan(Container(509).Column,2)">Conditional</animation>
                <animation effect="slide" end="260,0" time="300" tween="cubic" easing="inout" condition="IntegerGreaterThan(Container(509).Column,1)">Conditional</animation>
                <animation effect="slide" end="260,0" time="300" tween="cubic" easing="inout" condition="IntegerGreaterThan(Container(509).Column,0)">Conditional</animation>
            </control>
			<control type="panel" id="509">
				<top>20</top>
				<left>20</left>
				<width>1880</width>
				<height>1040</height>
				<onleft>SetProperty(MediaMenu,True,home)</onleft>
				<onleft>SetFocus(9050)</onleft>
				<onright>60</onright>
				<onup>509</onup>
				<ondown>509</ondown>
				<orientation>vertical</orientation>
				<viewtype label="31078">icon</viewtype>
				<pagecontrol>60</pagecontrol>
				<preloaditems>2</preloaditems>
				<scrolltime tween="quadratic">400</scrolltime>
				<focusposition>1</focusposition>
				<itemlayout width="235" height="346" condition="[[Container.Content(movies) | Container.Content(tvshows) | Container.Content(sets) | Container.Content(seasons)] + !Skin.HasSetting(Enable.WallLandscape) + !Skin.HasSetting(Enable.WallBanner) + !Skin.HasSetting(Enable.WallLogo)] | [Container.Content(seasons) + Skin.HasSetting(Enable.WallLandscape)] | [Container.Content(seasons) + Skin.HasSetting(Enable.WallLogo)]">
					<control type="group">
						<top>1</top>
						<height>1038</height>
						<control type="image">
							<top>6</top>
							<left>6</left>
							<width>223</width>
							<height>334</height>
							<aspectratio scalediffuse="false">scale</aspectratio>
							<texture fallback="DefaultFallback.png" background="true">$VAR[PosterThumb]</texture>
						</control>
						<control type="image">
							<top>6</top>
							<left>6</left>
							<width>223</width>
							<height>334</height>
							<texture>thumbs/diffuse.png</texture>
						</control>
						<include name="OverlayIcons">
			                <param name="OverlayLeft" value="171" />
			                <param name="OverlayTop" value="4" />
			            </include>
					</control>
				</itemlayout>
				<focusedlayout width="235" height="346" condition="[[Container.Content(movies) | Container.Content(tvshows) | Container.Content(sets) | Container.Content(seasons)] + !Skin.HasSetting(Enable.WallLandscape) + !Skin.HasSetting(Enable.WallBanner) + !Skin.HasSetting(Enable.WallLogo)] | [Container.Content(seasons) + Skin.HasSetting(Enable.WallLandscape)] | [Container.Content(seasons) + Skin.HasSetting(Enable.WallLogo)]">
					<control type="group">
						<animation type="Focus">
				            <effect type="zoom" time="150" start="95" end="100" center="117,174" />
				            <effect type="zoom" time="150" start="105" end="100" delay="150" center="117,174" />
				        </animation>
						<top>1</top>
						<height>1038</height>
						<control type="image">
							<top>6</top>
							<left>6</left>
							<width>223</width>
							<height>334</height>
							<aspectratio scalediffuse="false">scale</aspectratio>
							<texture fallback="DefaultFallback.png" background="true">$VAR[PosterThumb]</texture>
						</control>
						<control type="image">
							<animation center="auto" condition="Control.HasFocus(509)" easing="inout" effect="fade" end="0" start="100" time="300" tween="sine">Focus</animation>
							<animation center="auto" condition="Control.HasFocus(509)" easing="inout" effect="fade" end="100" start="0" time="300" tween="sine">UnFocus</animation>
							<top>6</top>
							<left>6</left>
							<width>223</width>
							<height>334</height>
							<texture>thumbs/diffuse.png</texture>
						</control>
						<include name="OverlayIcons">
			                <param name="OverlayLeft" value="171" />
			                <param name="OverlayTop" value="4" />
			            </include>
					</control>
				</focusedlayout>
				<itemlayout width="452" height="260" condition="[Container.Content(movies) | Container.Content(tvshows)] + [Skin.HasSetting(Enable.WallLandscape) | Skin.HasSetting(Enable.WallLogo)]">
					<control type="group">
						<left>36</left>
						<control type="group">
							<visible>Skin.HasSetting(Enable.WallLandscape)</visible>
							<control type="image">
								<top>6</top>
								<left>6</left>
								<width>440</width>
								<height>248</height>
								<aspectratio scalediffuse="false">scale</aspectratio>
								<texture background="true">$VAR[LandscapeArtVar]</texture>
							</control>
							<control type="image">
								<visible>IsEmpty(ListItem.Art(landscape))</visible>
								<top>135</top>
				                <left>6</left>
				                <width>440</width>
				                <height>110</height>
				                <texture background="true">$INFO[ListItem.Art(clearlogo)]</texture>
				                <aspectratio align="center" aligny="bottom">keep</aspectratio>
				            </control>
				        </control>
				        <control type="group">
				        	<visible>Skin.HasSetting(Enable.WallLogo)</visible>
				        	<control type="image">
								<top>6</top>
				                <left>16</left>
				                <width>420</width>
				                <height>248</height>
				                <texture background="true">$INFO[ListItem.Art(clearlogo)]</texture>
				                <aspectratio align="center" aligny="center">keep</aspectratio>
				            </control>
				            <control type="group">
								<visible>IsEmpty(ListItem.Art(clearlogo))</visible>
								<control type="textbox">
									<left>16</left>
									<top>6</top>
									<width>420</width>
									<height>248</height>
									<align>center</align>
									<aligny>center</aligny>
									<font>font16</font>
									<label>$VAR[FloorLabelVar]</label>
								</control>
							</control>
				        </control>
						<control type="image">
							<top>6</top>
							<left>6</left>
							<width>440</width>
							<height>248</height>
							<texture>thumbs/diffuse.png</texture>
						</control>
						<include name="OverlayIcons" condition="Skin.HasSetting(Enable.WallLandscape)">
			                <param name="OverlayLeft" value="388" />
			                <param name="OverlayTop" value="4" />
			            </include>
					</control>
				</itemlayout>
				<focusedlayout width="452" height="260" condition="[Container.Content(movies) | Container.Content(tvshows)] + [Skin.HasSetting(Enable.WallLandscape) | Skin.HasSetting(Enable.WallLogo)]">
					<control type="group">
						<animation type="Focus">
				            <effect type="zoom" time="150" start="95" end="100" center="242,130" />
				            <effect type="zoom" time="150" start="105" end="100" delay="150" center="242,130" />
				        </animation>
				        <left>36</left>
				        <control type="group">
				        	<visible>Skin.HasSetting(Enable.WallLandscape)</visible>
							<control type="image">
								<top>6</top>
								<left>6</left>
								<width>440</width>
								<height>248</height>
								<aspectratio scalediffuse="false">scale</aspectratio>
								<texture background="true">$VAR[LandscapeArtVar]</texture>
							</control>
							<control type="image">
								<visible>IsEmpty(ListItem.Art(landscape))</visible>
								<top>135</top>
				                <left>6</left>
				                <width>440</width>
				                <height>110</height>
				                <texture background="true">$INFO[ListItem.Art(clearlogo)]</texture>
				                <aspectratio align="center" aligny="bottom">keep</aspectratio>
				            </control>
				        </control>
				        <control type="group">
				        	<visible>Skin.HasSetting(Enable.WallLogo)</visible>
				        	<control type="image">
								<top>6</top>
				                <left>16</left>
				                <width>420</width>
				                <height>248</height>
				                <texture background="true">$INFO[ListItem.Art(clearlogo)]</texture>
				                <aspectratio align="center" aligny="center">keep</aspectratio>
				            </control>
				            <control type="group">
								<visible>IsEmpty(ListItem.Art(clearlogo))</visible>
								<control type="textbox">
									<left>16</left>
									<top>6</top>
									<width>420</width>
									<height>248</height>
									<align>center</align>
									<aligny>center</aligny>
									<font>font16</font>
									<label>$VAR[FloorLabelVar]</label>
								</control>
							</control>
				        </control>
						<control type="image">
							<animation center="auto" condition="Control.HasFocus(509)" easing="inout" effect="fade" end="0" start="100" time="300" tween="sine">Focus</animation>
							<animation center="auto" condition="Control.HasFocus(509)" easing="inout" effect="fade" end="100" start="0" time="300" tween="sine">UnFocus</animation>
							<top>6</top>
							<left>6</left>
							<width>440</width>
							<height>248</height>
							<texture>thumbs/diffuse.png</texture>
						</control>
						<include name="OverlayIcons" condition="Skin.HasSetting(Enable.WallLandscape)">
			                <param name="OverlayLeft" value="388" />
			                <param name="OverlayTop" value="4" />
			            </include>
					</control>
				</focusedlayout>
				<itemlayout height="173" width="882" condition="[Container.Content(movies) | Container.Content(tvshows) | Container.Content(seasons)] + Skin.HasSetting(Enable.WallBanner)">
					<control type="group">
						<top>1</top>
						<left>58</left>
						<control type="image">
							<top>6</top>
							<left>6</left>
							<width>870</width>
							<height>161</height>
							<aspectratio>scale</aspectratio>
							<texture background="true">$VAR[BannerThumb]</texture>
							<visible>!IsEmpty(ListItem.Art(banner)) | IsEmpty(ListItem.Art(fanart))</visible>
						</control>
						<control type="image">
							<top>6</top>
							<left>6</left>
							<width>870</width>
							<height>161</height>
							<aspectratio align="center" aligny="center">keep</aspectratio>
							<texture background="true">$INFO[ListItem.Icon]</texture>
							<visible>IsEmpty(ListItem.Art(banner)) + IsEmpty(ListItem.Art(fanart))</visible>
						</control>
						<control type="group">
							<visible>IsEmpty(ListItem.Art(banner))</visible>
							<control type="image">
								<top>6</top>
								<left>6</left>
								<width>870</width>
								<height>161</height>
								<aspectratio>scale</aspectratio>
								<texture background="true">$INFO[ListItem.Art(fanart)]</texture>
							</control>
							<control type="image">
								<top>11</top>
								<left>21</left>
								<width>840</width>
								<height>151</height>
								<aspectratio align="left">keep</aspectratio>
								<texture background="true">$INFO[ListItem.Art(clearlogo)]</texture>
							</control>
						</control>
						<control type="image">
							<top>6</top>
							<left>6</left>
							<width>870</width>
							<height>161</height>
							<texture>thumbs/diffuse.png</texture>
						</control>
						<include name="OverlayIcons">
			                <param name="OverlayLeft" value="818" />
			                <param name="OverlayTop" value="4" />
			            </include>
					</control>
				</itemlayout>
				<focusedlayout height="173" width="882" condition="[Container.Content(movies) | Container.Content(tvshows) | Container.Content(seasons)] + Skin.HasSetting(Enable.WallBanner)">
					<control type="group">
						<top>1</top>
						<left>58</left>
						<include>PanelFocusedItemZoom</include>
						<control type="group">
							<visible>!IsEmpty(ListItem.Art(banner)) | IsEmpty(ListItem.Art(fanart))</visible>
							<control type="image">
								<top>6</top>
								<left>6</left>
								<width>870</width>
								<height>161</height>
								<aspectratio>scale</aspectratio>
								<texture background="true">$VAR[BannerThumb]</texture>
							</control>
						</control>
						<control type="group">
							<visible>IsEmpty(ListItem.Art(banner)) + IsEmpty(ListItem.Art(fanart))</visible>
							<control type="image">
								<top>6</top>
								<left>6</left>
								<width>870</width>
								<height>161</height>
								<aspectratio>keep</aspectratio>
								<texture background="true">$INFO[ListItem.Icon]</texture>
							</control>
						</control>
						<control type="group">
							<visible>IsEmpty(ListItem.Art(banner))</visible>
							<control type="image">
								<top>6</top>
								<left>6</left>
								<width>870</width>
								<height>161</height>
								<aspectratio>scale</aspectratio>
								<texture background="true">$INFO[ListItem.Art(fanart)]</texture>
							</control>
							<control type="image">
								<top>11</top>
								<left>21</left>
								<width>840</width>
								<height>151</height>
								<aspectratio align="left">keep</aspectratio>
								<texture background="true">$INFO[ListItem.Art(clearlogo)]</texture>
							</control>
						</control>
						<control type="image">
							<animation center="auto" condition="Control.HasFocus(500)" easing="inout" effect="fade" end="0" start="100" time="300" tween="sine">Focus</animation>
							<animation center="auto" condition="Control.HasFocus(500)" easing="inout" effect="fade" end="100" start="0" time="300" tween="sine">UnFocus</animation>
							<top>6</top>
							<left>6</left>
							<width>870</width>
							<height>161</height>
							<texture>thumbs/diffuse.png</texture>
						</control>
						<include name="OverlayIcons">
			                <param name="OverlayLeft" value="818" />
			                <param name="OverlayTop" value="4" />
			            </include>
					</control>
				</focusedlayout>
				<itemlayout width="260" height="260" condition="Container.Content(artists) | Container.Content(albums) | Window.IsActive(pictures)">
					<control type="group">
						<width>1820</width>
						<left>30</left>
						<control type="image">
							<top>6</top>
							<left>6</left>
							<width>248</width>
							<height>248</height>
							<aspectratio aligny="top" scalediffuse="false">scale</aspectratio>
							<texture background="true">$VAR[MusicThumbVar]</texture>
						</control>
						<control type="image">
							<top>6</top>
							<left>6</left>
							<width>248</width>
							<height>248</height>
							<texture>thumbs/diffuse.png</texture>
						</control>
						<control type="group">
							<visible>Container.Content(artists)</visible>
							<control type="image">
								<left>6</left>
								<top>204</top>
								<width>248</width>
								<height>50</height>
								<texture>black.png</texture>
								<colordiffuse>99ffffff</colordiffuse>
							</control>
							<control type="label">
								<left>6</left>
								<top>214</top>
								<width>248</width>
								<height>28</height>
								<align>center</align>
								<textoffsetx>4</textoffsetx>
								<textcolor>$VAR[ColorTextVar]</textcolor>
								<info>ListItem.Label</info>
							</control>
						</control>
					</control>
				</itemlayout>
				<focusedlayout width="260" height="260" condition="Container.Content(artists) | Container.Content(albums) | Window.IsActive(pictures)">
					<control type="group">
						<animation type="Focus">
				            <effect type="zoom" time="150" start="95" end="100" center="166,136" />
				            <effect type="zoom" time="150" start="105" end="100" delay="150" center="166,136" />
				        </animation>
						<width>1820</width>
						<left>30</left>
						<control type="image">
							<top>6</top>
							<left>6</left>
							<width>248</width>
							<height>248</height>
							<aspectratio aligny="top" scalediffuse="false">scale</aspectratio>
							<texture background="true">$VAR[MusicThumbVar]</texture>
						</control>
						<control type="group">
							<control type="image">
								<animation center="auto" condition="Control.HasFocus(509)" easing="inout" effect="fade" end="0" start="100" time="300" tween="sine">Focus</animation>
								<animation center="auto" condition="Control.HasFocus(509)" easing="inout" effect="fade" end="100" start="0" time="300" tween="sine">UnFocus</animation>
								<top>6</top>
								<left>6</left>
								<width>248</width>
								<height>248</height>
								<texture>thumbs/diffuse.png</texture>
							</control>
							<control type="image">
								<visible>Container.Content(artists)</visible>
								<left>6</left>
								<top>204</top>
								<width>248</width>
								<height>50</height>
								<texture>black.png</texture>
								<colordiffuse>99ffffff</colordiffuse>
							</control>
							<control type="label">
								<visible>Container.Content(artists)</visible>
								<left>6</left>
								<top>214</top>
								<width>248</width>
								<height>28</height>
								<align>center</align>
								<textoffsetx>4</textoffsetx>
								<textcolor>$VAR[ColorTextVar]</textcolor>
								<info>ListItem.Label</info>
							</control>
						</control>
					</control>
				</focusedlayout>
			</control>
		</control>
		<control type="group">
			<visible>Control.IsVisible(509)</visible>
			<top>-15</top>
			<include>Scrollbar_Vertical</include>
		</control>
	</include>
</includes>