<?xml version="1.0" encoding="UTF-8"?>
<includes>
	<!-- Song -->
	<include name="View_508_SongList">
		<control type="group">
			<visible>Control.IsVisible(508) + !Window.IsActive(addoninformation)</visible>
			<include>Animation.Common</include>
			<animation effect="slide" end="0,15" start="0,0" time="0" condition="Window.IsActive(musicplaylist)">Conditional</animation>
			<control type="group">
				<control type="fixedlist" id="508">
					<left>310</left>
					<top>80</top>
					<width>1300</width>
					<height>980</height>
					<orientation>vertical</orientation>
					<movement>2</movement>
					<focusposition>3</focusposition>
					<onleft>SetProperty(MediaMenu,True,home)</onleft>
					<onleft>SetFocus(9050)</onleft>
					<onright>60</onright>
					<onup>508</onup>
					<ondown>508</ondown>
					<pagecontrol>60</pagecontrol>
					<viewtype label="31076">list</viewtype>
					<scrolltime tween="quadratic" easing="out">200</scrolltime>
					<animation effect="slide" end="0,0" time="300" condition="Container(508).Row(0)">Conditional</animation>
					<animation effect="slide" end="0,0" time="300" condition="Container(508).Row(1)">Conditional</animation>
					<animation effect="slide" end="0,0" time="300" condition="Container(508).Row(2)">Conditional</animation>
					<animation effect="slide" end="0,0" time="300" condition="Container(508).Row(3)">Conditional</animation>
					<animation effect="slide" end="0,0" time="300" condition="Container(508).Row(4)">Conditional</animation>
					<animation effect="slide" end="0,0" time="300" condition="Container(508).Row(5)">Conditional</animation>
					<itemlayout height="100" width="1300">
						<control type="label">
							<top>15</top>
							<left>275</left>
							<width>1000</width>
							<height>70</height>
							<font>font30</font>
							<textcolor>$VAR[ColorTextVar]</textcolor>
							<selectedcolor>$VAR[ColorTextVar]</selectedcolor>
							<align>left</align>
							<aligny>center</aligny>
							<label>$INFO[ListItem.TrackNumber]. $INFO[ListItem.Title]</label>
						</control>
					</itemlayout>
					<focusedlayout height="275" width="1300">
						<control type="image">
							<visible>Control.HasFocus(508)</visible>
							<top>0</top>
							<width>1300</width>
							<height>275</height>
							<texture>listselect_fo.png</texture>
							<colordiffuse>$VAR[ColorHighlightVar]</colordiffuse>
						</control>
						<control type="image">
							<left>15</left>
							<top>15</top>
							<width>245</width>
							<height>245</height>
							<aspectratio>scale</aspectratio>
							<texture background="true">$INFO[ListItem.Icon]</texture>
						</control>
						<control type="label">
							<left>275</left>
							<top>0</top>
							<width>1000</width>
							<height>70</height>
							<font>font30</font>
							<textcolor>$VAR[ColorTextVar]</textcolor>
							<selectedcolor>$VAR[ColorTextVar]</selectedcolor>
							<align>left</align>
							<aligny>center</aligny>
							<label>$INFO[ListItem.TrackNumber]. $INFO[ListItem.Title]</label>
						</control>
						<control type="label">
							<left>275</left>
							<top>55</top>
							<width>990</width>
							<height>70</height>
							<font>font16_title</font>
							<textcolor>$VAR[ColorTextVar]</textcolor>
							<selectedcolor>$VAR[ColorTextVar]</selectedcolor>
							<align>left</align>
							<aligny>center</aligny>
							<label>$INFO[ListItem.Artist]</label>
						</control>
						<control type="label">
							<left>275</left>
							<top>105</top>
							<width>990</width>
							<height>70</height>
							<font>font16</font>
							<textcolor>$VAR[ColorTextVar]</textcolor>
							<selectedcolor>$VAR[ColorTextVar]</selectedcolor>
							<align>left</align>
							<aligny>center</aligny>
							<label>$INFO[ListItem.Album] $INFO[ListItem.Year,[,]]</label>
						</control>
						<control type="label">
							<left>275</left>
							<top>135</top>
							<width>990</width>
							<height>110</height>
							<font>font16</font>
							<textcolor>$VAR[ColorTextVar]</textcolor>
							<selectedcolor>$VAR[ColorTextVar]</selectedcolor>
							<align>left</align>
							<aligny>center</aligny>
							<label fallback="• • • •">$INFO[ListItem.Duration]</label>
						</control>
						<control type="image">
							<left>175</left>
							<top>220</top>
							<width>400</width>
							<height>45</height>
							<aspectratio>keep</aspectratio>
							<texture colordiffuse="$VAR[ColorTextVar]" fallback="rating0.png">$INFO[ListItem.StarRating]</texture>
						</control>
						<control type="image">
							<left>1125</left>
							<top>185</top>
							<width>198</width>
							<include>MediaFlagVars</include>
							<texture colordiffuse="$VAR[ColorTextVar]">$INFO[ListItem.FileExtension,flags/audio/,.png]</texture>
						</control>
					</focusedlayout>
				</control>
			</control>
		</control>
		<control type="group">
			<animation effect="slide" end="0,15" start="0,0" time="0" condition="Window.IsActive(musicplaylist)">Conditional</animation>
			<visible>Control.IsVisible(508) + !Window.IsActive(addoninformation)</visible>
			<top>-15</top>
			<include>Scrollbar_Vertical</include>
		</control>
	</include>
</includes>