<?xml version="1.0" encoding="UTF-8"?>
<template>
    <propertyGroup name="widgetCommon">
        <property name="id" tag="mainmenuid" />
        <property name="path" tag="property" attribute="name|widgetPath" />
        <property name="target" tag="property" attribute="name|widgetTarget" />
        <property name="path"></property>
        <property name="target"></property>

        <!-- Python snippets -->
        <property name="autoreload">'' if path in 'script.extendedinfo?' else autoreloadStringAnd %( id ) if path in 'plugin' and path in '?' else autoreloadStringQuestion %( id ) if path in 'plugin' else ''</property>
        <property name="autoreloadStringAnd">&amp;mimic=$INFO[Window.Property(refresh8011%s)]</property>
        <property name="autoreloadStringQuestion">?mimic=$INFO[Window.Property(refresh8011%s)]</property>
    </propertyGroup>

    <other include="widget-fixed">
        <propertyGroup>widgetCommon</propertyGroup>
        <controls>
            <include>skinshortcuts-template-busyanimation</include>
            <control type="fixedlist" id="8011$SKINSHORTCUTS[id]">
            	<skinshortcuts>visibility</skinshortcuts>
				<include name="FixedWrapWidgetContent">
                    <param name="id">8011$SKINSHORTCUTS[id]</param>
                </include>
				<content limit="$VAR[WidgetLimit]" target="$SKINSHORTCUTS[target]">$SKINSHORTCUTS[path]$PYTHON[$SKINSHORTCUTS[autoreload]]</content>
			</control>
            <include name="FixedWrapWidgetLabels">
                <param name="id">8011$SKINSHORTCUTS[id]</param>
                <param name="widgetLine1">widgetLine1$SKINSHORTCUTS[id]</param>
                <param name="widgetLine2">widgetLine2$SKINSHORTCUTS[id]</param>
            </include>            
        </controls>
        <variables>
            <variable name="widgetLine1$SKINSHORTCUTS[id]">
                <value condition="!IsEmpty(Container(8011$SKINSHORTCUTS[id]).ListItem.Episode)">$INFO[Container(8011$SKINSHORTCUTS[id]).ListItem.Season,,x]$INFO[Container(8011$SKINSHORTCUTS[id]).ListItem.Episode,,. ]$INFO[Container(8011$SKINSHORTCUTS[id]).ListItem.Title]</value>
                <value condition="!IsEmpty(Container(8011$SKINSHORTCUTS[id]).ListItem.Title)">$INFO[Container(8011$SKINSHORTCUTS[id]).ListItem.Title]</value>
                <value>$INFO[Container(8011$SKINSHORTCUTS[id]).ListItem.Label]</value>
            </variable>
            <variable name="widgetLine2$SKINSHORTCUTS[id]">
                <value condition="!IsEmpty(Container(8011$SKINSHORTCUTS[id]).ListItem.Episode)">• $INFO[Container(8011$SKINSHORTCUTS[id]).ListItem.TvShowTitle]$INFO[Container(8011$SKINSHORTCUTS[id]).ListItem.Premiered, • ]</value>
                <value condition="!IsEmpty(Container(8011$SKINSHORTCUTS[id]).ListItem.Artist)">• $INFO[Container(8011$SKINSHORTCUTS[id]).ListItem.Artist]$INFO[Container(8011$SKINSHORTCUTS[id]).ListItem.Year, • ]</value>
                <value condition="!IsEmpty(Container(8011$SKINSHORTCUTS[id]).ListItem.Year)">• $INFO[Container(8011$SKINSHORTCUTS[id]).ListItem.Year]</value>
                <value condition="!IsEmpty(Container(8011$SKINSHORTCUTS[id]).ListItem.Label2)">• $INFO[Container(8011$SKINSHORTCUTS[id]).ListItem.Label2]</value>
            </variable>
        </variables>
    </other>

    <other include="widget-wrapped">
        <propertyGroup>widgetCommon</propertyGroup>
        <controls>
            <include>skinshortcuts-template-busyanimation</include>
            <control type="wraplist" id="8011$SKINSHORTCUTS[id]">
            	<skinshortcuts>visibility</skinshortcuts>
				<include name="FixedWrapWidgetContent">
                    <param name="id">8011$SKINSHORTCUTS[id]</param>
                </include>
				<content limit="$VAR[WidgetLimit]" target="$SKINSHORTCUTS[target]">$SKINSHORTCUTS[path]$PYTHON[$SKINSHORTCUTS[autoreload]]</content>
			</control>
            <include name="FixedWrapWidgetLabels">
                <param name="id">8011$SKINSHORTCUTS[id]</param>
                <param name="widgetLine1">widgetLine1$SKINSHORTCUTS[id]</param>
                <param name="widgetLine2">widgetLine2$SKINSHORTCUTS[id]</param>
            </include>              
        </controls>
        <variables>
            <variable name="widgetLine1$SKINSHORTCUTS[id]">
                <value condition="!IsEmpty(Container(8011$SKINSHORTCUTS[id]).ListItem.Episode)">$INFO[Container(8011$SKINSHORTCUTS[id]).ListItem.Season,,x]$INFO[Container(8011$SKINSHORTCUTS[id]).ListItem.Episode,,. ]$INFO[Container(8011$SKINSHORTCUTS[id]).ListItem.Title]</value>
                <value condition="!IsEmpty(Container(8011$SKINSHORTCUTS[id]).ListItem.Title)">$INFO[Container(8011$SKINSHORTCUTS[id]).ListItem.Title]</value>
                <value>$INFO[Container(8011$SKINSHORTCUTS[id]).ListItem.Label]</value>
            </variable>
            <variable name="widgetLine2$SKINSHORTCUTS[id]">
                <value condition="!IsEmpty(Container(8011$SKINSHORTCUTS[id]).ListItem.Episode)">• $INFO[Container(8011$SKINSHORTCUTS[id]).ListItem.TvShowTitle]$INFO[Container(8011$SKINSHORTCUTS[id]).ListItem.Premiered, • ]</value>
                <value condition="!IsEmpty(Container(8011$SKINSHORTCUTS[id]).ListItem.Artist)">• $INFO[Container(8011$SKINSHORTCUTS[id]).ListItem.Artist]$INFO[Container(8011$SKINSHORTCUTS[id]).ListItem.Year, • ]</value>
                <value condition="!IsEmpty(Container(8011$SKINSHORTCUTS[id]).ListItem.Year)">• $INFO[Container(8011$SKINSHORTCUTS[id]).ListItem.Year]</value>
                <value condition="!IsEmpty(Container(8011$SKINSHORTCUTS[id]).ListItem.Label2)">• $INFO[Container(8011$SKINSHORTCUTS[id]).ListItem.Label2]</value>
            </variable>
        </variables>
    </other>

    <other include="widget-defaultpanel">
        <propertyGroup>widgetCommon</propertyGroup>
        <controls>
            <control type="image">
                <visible>!StringCompare(Container(9000).ListItem.Property(widgetIcon),$LOCALIZE[31313]) + !StringCompare(Container(9000).ListItem.Property(widgetIcon),$LOCALIZE[31100]) + !StringCompare(Container(9000).ListItem.Property(widget),weather) + Control.HasFocus(8011$SKINSHORTCUTS[id]) + !Container(8011$SKINSHORTCUTS[id]).IsUpdating</visible>
                <animation effect="slide" time="0" start="0,0" end="0,190" condition="StringCompare(Skin.String(HomeLayout),2)">Conditional</animation>
                <left>24</left>
                <top>575</top>
                <width>219</width>
                <height>316</height>
                <animation effect="fade" time="320" delay="200">Visible</animation>
                <animation effect="fade" time="200">Hidden</animation>
                <texture colordiffuse="$VAR[ColorHighlightVar]">listselect_fo.png</texture>
                <animation effect="slide" end="207,0" time="300" tween="cubic" easing="inout" condition="IntegerGreaterThan(Container(8011$SKINSHORTCUTS[id]).Column,8)">Conditional</animation>
                <animation effect="slide" end="207,0" time="300" tween="cubic" easing="inout" condition="IntegerGreaterThan(Container(8011$SKINSHORTCUTS[id]).Column,7)">Conditional</animation>
                <animation effect="slide" end="207,0" time="300" tween="cubic" easing="inout" condition="IntegerGreaterThan(Container(8011$SKINSHORTCUTS[id]).Column,6)">Conditional</animation>
                <animation effect="slide" end="207,0" time="300" tween="cubic" easing="inout" condition="IntegerGreaterThan(Container(8011$SKINSHORTCUTS[id]).Column,5)">Conditional</animation>
                <animation effect="slide" end="207,0" time="300" tween="cubic" easing="inout" condition="IntegerGreaterThan(Container(8011$SKINSHORTCUTS[id]).Column,4)">Conditional</animation>
                <animation effect="slide" end="207,0" time="300" tween="cubic" easing="inout" condition="IntegerGreaterThan(Container(8011$SKINSHORTCUTS[id]).Column,3)">Conditional</animation>
                <animation effect="slide" end="207,0" time="300" tween="cubic" easing="inout" condition="IntegerGreaterThan(Container(8011$SKINSHORTCUTS[id]).Column,2)">Conditional</animation>
                <animation effect="slide" end="207,0" time="300" tween="cubic" easing="inout" condition="IntegerGreaterThan(Container(8011$SKINSHORTCUTS[id]).Column,1)">Conditional</animation>
                <animation effect="slide" end="207,0" time="300" tween="cubic" easing="inout" condition="IntegerGreaterThan(Container(8011$SKINSHORTCUTS[id]).Column,0)">Conditional</animation>
            </control>
            <control type="image">
                <visible>StringCompare(Container(9000).ListItem.Property(widgetIcon),$LOCALIZE[31313]) + Control.HasFocus(8011$SKINSHORTCUTS[id]) + !Container(8011$SKINSHORTCUTS[id]).IsUpdating</visible>
                <animation effect="slide" time="0" start="0,0" end="0,190" condition="StringCompare(Skin.String(HomeLayout),2)">Conditional</animation>
                <left>26</left>
                <top>572</top>
                <width>322</width>
                <height>322</height>
                <animation effect="fade" time="320" delay="200">Visible</animation>
                <animation effect="fade" time="200">Hidden</animation>
                <texture colordiffuse="$VAR[ColorHighlightVar]">listselect_fo.png</texture>
                <animation effect="slide" end="310,0" time="300" tween="cubic" easing="inout" condition="IntegerGreaterThan(Container(8011$SKINSHORTCUTS[id]).Column,4)">Conditional</animation>
                <animation effect="slide" end="310,0" time="300" tween="cubic" easing="inout" condition="IntegerGreaterThan(Container(8011$SKINSHORTCUTS[id]).Column,3)">Conditional</animation>
                <animation effect="slide" end="310,0" time="300" tween="cubic" easing="inout" condition="IntegerGreaterThan(Container(8011$SKINSHORTCUTS[id]).Column,2)">Conditional</animation>
                <animation effect="slide" end="310,0" time="300" tween="cubic" easing="inout" condition="IntegerGreaterThan(Container(8011$SKINSHORTCUTS[id]).Column,1)">Conditional</animation>
                <animation effect="slide" end="310,0" time="300" tween="cubic" easing="inout" condition="IntegerGreaterThan(Container(8011$SKINSHORTCUTS[id]).Column,0)">Conditional</animation>
            </control>
            <control type="image">
                <visible>StringCompare(Container(9000).ListItem.Property(widgetIcon),$LOCALIZE[31100]) + Control.HasFocus(8011$SKINSHORTCUTS[id]) + !Container(8011$SKINSHORTCUTS[id]).IsUpdating</visible>
                <animation effect="slide" time="0" start="0,0" end="0,190" condition="StringCompare(Skin.String(HomeLayout),2)">Conditional</animation>
                <left>23</left>
                <top>575</top>
                <width>478</width>
                <height>316</height>
                <animation effect="fade" time="320" delay="200">Visible</animation>
                <animation effect="fade" time="200">Hidden</animation>
                <texture colordiffuse="$VAR[ColorHighlightVar]">listselect_fo.png</texture>
                <animation effect="slide" end="466,0" time="300" tween="cubic" easing="inout" condition="IntegerGreaterThan(Container(8011$SKINSHORTCUTS[id]).Column,2)">Conditional</animation>
                <animation effect="slide" end="466,0" time="300" tween="cubic" easing="inout" condition="IntegerGreaterThan(Container(8011$SKINSHORTCUTS[id]).Column,1)">Conditional</animation>
                <animation effect="slide" end="466,0" time="300" tween="cubic" easing="inout" condition="IntegerGreaterThan(Container(8011$SKINSHORTCUTS[id]).Column,0)">Conditional</animation>
            </control>
            <include>skinshortcuts-template-busyanimation</include>
            <control type="panel" id="8011$SKINSHORTCUTS[id]">
                <skinshortcuts>visibility</skinshortcuts>
                <oninfo condition="StringCompare(Container(9000).ListItem.Property(widgetType),movies)">RunScript(script.extendedinfo,info=extendedinfo,name=$INFO[Container(8011$SKINSHORTCUTS[id]).ListItem.Label])</oninfo>
                <oninfo condition="StringCompare(Container(9000).ListItem.Property(widgetType),episodes)">RunScript(script.extendedinfo,info=extendedtvinfo,name=$INFO[Container(8011$SKINSHORTCUTS[id]).ListItem.TvShowTitle])</oninfo>
                <animation effect="fade" start="100" end="0" time="0" reversible="false" condition="Container(8011$SKINSHORTCUTS[id]).IsUpdating | Container(9000).OnNext | Container(9000).OnPrevious | Window.IsVisible(favourites) | Window.IsVisible(script-globalsearch-main.xml)">Conditional</animation>
                <animation effect="slide" time="0" start="0,0" end="0,190" condition="StringCompare(Skin.String(HomeLayout),2)">Conditional</animation>
                <left>30</left>
                <top>581</top>
                <width>1864</width>
                <height>310</height>
                <onup>9000</onup>
                <ondown>9000</ondown>
                <onback>9000</onback>
                <viewtype label="535">list</viewtype>
                <focusposition>0</focusposition>
                <pagecontrol>-</pagecontrol>
                <preloaditems>2</preloaditems>
                <scrolltime tween="quadratic">400</scrolltime>
                <orientation>Horizontal</orientation>
                <visible>!IsEmpty(Container(9000).ListItem.Property(widgetPath))</visible>
                <autoscroll time="10000" delay="10000" repeat="10000">[Control.IsVisible(9003) + !Control.HasFocus(8011$SKINSHORTCUTS[id])] + !Skin.HasSetting(Disable.WidgetAutoScroll)</autoscroll>

                <!-- Poster -->
                <itemlayout height="304" width="207" condition="!StringCompare(Container(9000).ListItem.Property(widgetIcon),$LOCALIZE[31313]) + !StringCompare(Container(9000).ListItem.Property(widgetIcon),$LOCALIZE[31100])">
                    <control type="group">
                        <left>0</left>
                        <control type="image">
                            <visible>IsEmpty(ListItem.Art(tvshow.poster))</visible>
                            <top>6</top>
                            <left>6</left>
                            <width>195</width>
                            <height>292</height>
                            <aspectratio aligny="center" align="center">scale</aspectratio>
                            <texture fallback="DefaultFallback.png" background="true">$INFO[ListItem.Art(thumb)]</texture>
                            <fadetime>400</fadetime>
                        </control>
                        <control type="image">
                            <visible>!IsEmpty(ListItem.Art(tvshow.poster))</visible>
                            <top>6</top>
                            <left>6</left>
                            <width>195</width>
                            <height>292</height>
                            <aspectratio aligny="center" align="center">scale</aspectratio>
                            <texture background="true" fallback="DefaultFallback.png">$INFO[ListItem.Art(tvshow.poster)]</texture>
                            <fadetime>400</fadetime>
                        </control>
                        <control type="image">
                            <top>6</top>
                            <left>6</left>
                            <width>195</width>
                            <height>292</height>
                            <texture>thumbs/diffuse.png</texture>
                            <fadetime>300</fadetime>
                        </control>
                    </control>
                </itemlayout>
                <focusedlayout height="304" width="207" condition="!StringCompare(Container(9000).ListItem.Property(widgetIcon),$LOCALIZE[31313]) + !StringCompare(Container(9000).ListItem.Property(widgetIcon),$LOCALIZE[31100])">
                    <control type="group">
                        <include>PanelFocusedItemZoom</include>
                        <left>0</left>
                        <control type="image">
                            <visible>IsEmpty(ListItem.Art(tvshow.poster))</visible>
                            <top>6</top>
                            <left>6</left>
                            <width>195</width>
                            <height>292</height>
                            <aspectratio aligny="center" align="center">scale</aspectratio>
                            <texture fallback="DefaultFallback.png" background="true">$INFO[ListItem.Art(thumb)]</texture>
                        </control>
                        <control type="image">
                            <visible>!IsEmpty(ListItem.Art(tvshow.poster))</visible>
                            <top>6</top>
                            <left>6</left>
                            <width>195</width>
                            <height>292</height>
                            <aspectratio aligny="center" align="center">scale</aspectratio>
                            <texture fallback="DefaultFallback.png" background="true">$INFO[ListItem.Art(tvshow.poster)]</texture>
                        </control>
                        <control type="image">
                            <animation center="auto" condition="Control.HasFocus(8011$SKINSHORTCUTS[id])" easing="inout" effect="fade" end="0" start="100" time="300" tween="sine">Focus</animation>
                            <animation center="auto" condition="Control.HasFocus(8011$SKINSHORTCUTS[id])" easing="inout" effect="fade" end="100" start="0" time="300" tween="sine">UnFocus</animation>
                            <top>6</top>
                            <left>6</left>
                            <width>195</width>
                            <height>292</height>
                            <texture>thumbs/diffuse.png</texture>
                        </control>
                    </control>
                </focusedlayout>

                <!-- Square -->
                <itemlayout height="310" width="310" condition="StringCompare(Container(9000).ListItem.Property(widgetIcon),$LOCALIZE[31313])">
                    <control type="group">
                        <left>8</left>
                        <control type="image">
                            <top>3</top>
                            <left>0</left>
                            <width>298</width>
                            <height>298</height>
                            <aspectratio aligny="center" align="center">scale</aspectratio>
                            <texture background="true" fallback="DefaultFolder.png">$INFO[ListItem.Icon]</texture>
                            <fadetime>400</fadetime>
                        </control>
                        <control type="image">
                            <top>3</top>
                            <left>0</left>
                            <width>298</width>
                            <height>298</height>
                            <texture>thumbs/diffuse.png</texture>
                        </control>
                    </control>
                </itemlayout>
                <focusedlayout height="310" width="310" condition="StringCompare(Container(9000).ListItem.Property(widgetIcon),$LOCALIZE[31313])">
                    <control type="group">
                        <include>PanelFocusedItemZoom</include>
                        <left>8</left>
                        <control type="image">
                            <top>3</top>
                            <left>0</left>
                            <width>298</width>
                            <height>298</height>
                            <aspectratio aligny="center" align="center">scale</aspectratio>
                            <texture background="true" fallback="DefaultFolder.png">$INFO[ListItem.Icon]</texture>
                        </control>
                        <control type="image">
                            <animation center="auto" condition="Control.HasFocus(8011$SKINSHORTCUTS[id])" easing="inout" effect="fade" end="0" start="100" time="300" tween="sine">Focus</animation>
                            <animation center="auto" condition="Control.HasFocus(8011$SKINSHORTCUTS[id])" easing="inout" effect="fade" end="100" start="0" time="300" tween="sine">UnFocus</animation>
                            <top>3</top>
                            <left>0</left>
                            <width>298</width>
                            <height>298</height>
                            <texture>thumbs/diffuse.png</texture>
                        </control>
                    </control>
                </focusedlayout>

                <!-- Landscape -->
                <itemlayout height="304" width="466" condition="StringCompare(Container(9000).ListItem.Property(widgetIcon),$LOCALIZE[31100])">
                    <control type="image">
                        <top>6</top>
                        <left>5</left>
                        <width>454</width>
                        <height>292</height>
                        <aspectratio aligny="center" align="center">scale</aspectratio>
                        <texture background="true" fallback="DefaultFallback.png">$INFO[ListItem.Icon]</texture>
                        <fadetime>400</fadetime>
                    </control>
                    <control type="image">
                        <top>6</top>
                        <left>5</left>
                        <width>454</width>
                        <height>292</height>
                        <texture>thumbs/diffuse.png</texture>
                    </control>
                </itemlayout>
                <focusedlayout height="304" width="466" condition="StringCompare(Container(9000).ListItem.Property(widgetIcon),$LOCALIZE[31100])">
                    <include>PanelFocusedItemZoom</include>
                    <control type="image">
                        <top>6</top>
                        <left>5</left>
                        <width>454</width>
                        <height>292</height>
                        <aspectratio aligny="center" align="center">scale</aspectratio>
                        <texture background="true" fallback="DefaultFallback.png">$INFO[ListItem.Icon]</texture>
                    </control>
                    <control type="image">
                        <animation center="auto" condition="Control.HasFocus(8011$SKINSHORTCUTS[id])" easing="inout" effect="fade" end="0" start="100" time="300" tween="sine">Focus</animation>
                        <animation center="auto" condition="Control.HasFocus(8011$SKINSHORTCUTS[id])" easing="inout" effect="fade" end="100" start="0" time="300" tween="sine">UnFocus</animation>
                        <top>6</top>
                        <left>5</left>
                        <width>454</width>
                        <height>292</height>
                        <texture>thumbs/diffuse.png</texture>
                    </control>
                </focusedlayout>
                <content limit="$VAR[WidgetLimit]" target="$SKINSHORTCUTS[target]">$SKINSHORTCUTS[path]$PYTHON[$SKINSHORTCUTS[autoreload]]</content>
            </control>
            <control type="group">
                <animation effect="slide" time="0" start="0,0" end="0,190" condition="StringCompare(Skin.String(HomeLayout),2)">Conditional</animation>
                <control type="label">
                    <animation effect="fade" time="300" tween="cubic" condition="[ControlGroup(9003).IsVisible + Skin.HasSetting(Enable.PersistentWidgets)] | [ControlGroup(9003).HasFocus + !Skin.HasSetting(Enable.PersistentWidgets)]" start="0" end="100">Visible</animation>
                    <animation effect="fade" time="0" condition="[ControlGroup(9003).IsVisible + Skin.HasSetting(Enable.PersistentWidgets)] | [ControlGroup(9003).HasFocus + !Skin.HasSetting(Enable.PersistentWidgets)]" start="100" end="0">Hidden</animation>
                    <animation effect="slide" time="200" tween="sine" easing="inout" end="0,700" start="0">WindowClose</animation>
                    <left>965</left>
                    <top>524</top>
                    <width>920</width>
                    <height>40</height>
                    <font>font15_title</font>
                    <align>right</align>
                    <textcolor>$VAR[ColorTextVar]</textcolor>
                    <label>$VAR[WidgetNameLabelVar]</label>
                    <visible>!Container(8011$SKINSHORTCUTS[id]).IsUpdating + !Container(9000).OnNext + !Container(9000).OnPrevious</visible>
                </control>
                <control type="group">
                    <visible>Control.HasFocus(8011$SKINSHORTCUTS[id]) + !StringCompare(Container(9000).ListItem.Property(widget),weather)</visible>
                    <animation effect="fade" time="300" tween="cubic" condition="[Control.IsVisible(8011$SKINSHORTCUTS[id]) + Skin.HasSetting(Enable.PersistentWidgets)] | [Control.HasFocus(8011$SKINSHORTCUTS[id]) + !Skin.HasSetting(Enable.PersistentWidgets)]" start="0" end="100">Visible</animation>
                    <animation effect="fade" time="0" condition="[Control.IsVisible(8011$SKINSHORTCUTS[id]) + Skin.HasSetting(Enable.PersistentWidgets)] | [Control.HasFocus(8011$SKINSHORTCUTS[id]) + !Skin.HasSetting(Enable.PersistentWidgets)]" start="100" end="0">Hidden</animation>
                    <animation effect="slide" time="200" tween="sine" easing="inout" end="0,700" start="0">WindowClose</animation>
                    <control type="group">
                        <top>895</top>
                        <left>35</left>
                        <control type="label">
                            <width>1850</width>
                            <height>50</height>
                            <font>font16_title</font>
                            <textcolor>$VAR[ColorTextVar]</textcolor>
                            <label>$VAR[widgetLine1$SKINSHORTCUTS[id]] $VAR[widgetLine2$SKINSHORTCUTS[id]]</label>
                        </control>
                    </control>
                </control>
            </control>              
        </controls>
        <variables>
            <variable name="widgetLine1$SKINSHORTCUTS[id]">
                <value condition="!IsEmpty(Container(8011$SKINSHORTCUTS[id]).ListItem.Episode)">$INFO[Container(8011$SKINSHORTCUTS[id]).ListItem.Season,,x]$INFO[Container(8011$SKINSHORTCUTS[id]).ListItem.Episode,,. ]$INFO[Container(8011$SKINSHORTCUTS[id]).ListItem.Title]</value>
                <value condition="!IsEmpty(Container(8011$SKINSHORTCUTS[id]).ListItem.Title)">$INFO[Container(8011$SKINSHORTCUTS[id]).ListItem.Title]</value>
                <value>$INFO[Container(8011$SKINSHORTCUTS[id]).ListItem.Label]</value>
            </variable>
            <variable name="widgetLine2$SKINSHORTCUTS[id]">
                <value condition="!IsEmpty(Container(8011$SKINSHORTCUTS[id]).ListItem.Episode)">• $INFO[Container(8011$SKINSHORTCUTS[id]).ListItem.TvShowTitle]$INFO[Container(8011$SKINSHORTCUTS[id]).ListItem.Premiered, • ]</value>
                <value condition="!IsEmpty(Container(8011$SKINSHORTCUTS[id]).ListItem.Artist)">• $INFO[Container(8011$SKINSHORTCUTS[id]).ListItem.Artist]$INFO[Container(8011$SKINSHORTCUTS[id]).ListItem.Year, • ]</value>
                <value condition="!IsEmpty(Container(8011$SKINSHORTCUTS[id]).ListItem.Year)">• $INFO[Container(8011$SKINSHORTCUTS[id]).ListItem.Year]</value>
                <value condition="!IsEmpty(Container(8011$SKINSHORTCUTS[id]).ListItem.Label2)">• $INFO[Container(8011$SKINSHORTCUTS[id]).ListItem.Label2]</value>
            </variable>
        </variables>
    </other>

    <other include="widget-verticalpanel">
        <propertyGroup>widgetCommon</propertyGroup>
        <controls>
            <control type="image">
                <visible>!StringCompare(Container(9000).ListItem.Property(widgetIcon),$LOCALIZE[31313]) + !StringCompare(Container(9000).ListItem.Property(widgetIcon),$LOCALIZE[31100]) + !StringCompare(Container(9000).ListItem.Property(widget),weather) + Control.HasFocus(8011$SKINSHORTCUTS[id])</visible>
                <left>554</left>
                <top>48</top>
                <width>219</width>
                <height>316</height>
                <animation effect="fade" time="320" delay="200">Visible</animation>
                <animation effect="fade" time="200">Hidden</animation>
                <texture colordiffuse="$VAR[ColorHighlightVar]">listselect_fo.png</texture>
                <animation effect="slide" end="0,304" time="300" tween="cubic" easing="inout" condition="IntegerGreaterThan(Container(8011$SKINSHORTCUTS[id]).Row,0)">Conditional</animation>
                <animation effect="slide" end="207,0" time="300" tween="cubic" easing="inout" condition="IntegerGreaterThan(Container(8011$SKINSHORTCUTS[id]).Column,4)">Conditional</animation>
                <animation effect="slide" end="207,0" time="300" tween="cubic" easing="inout" condition="IntegerGreaterThan(Container(8011$SKINSHORTCUTS[id]).Column,3)">Conditional</animation>
                <animation effect="slide" end="207,0" time="300" tween="cubic" easing="inout" condition="IntegerGreaterThan(Container(8011$SKINSHORTCUTS[id]).Column,2)">Conditional</animation>
                <animation effect="slide" end="207,0" time="300" tween="cubic" easing="inout" condition="IntegerGreaterThan(Container(8011$SKINSHORTCUTS[id]).Column,1)">Conditional</animation>
                <animation effect="slide" end="207,0" time="300" tween="cubic" easing="inout" condition="IntegerGreaterThan(Container(8011$SKINSHORTCUTS[id]).Column,0)">Conditional</animation>
            </control>
            <control type="image">
                <visible>StringCompare(Container(9000).ListItem.Property(widgetIcon),$LOCALIZE[31313]) + Control.HasFocus(8011$SKINSHORTCUTS[id])</visible>
                <left>568</left>
                <top>48</top>
                <width>316</width>
                <height>316</height>
                <animation effect="fade" time="320" delay="200">Visible</animation>
                <animation effect="fade" time="200">Hidden</animation>
                <texture colordiffuse="$VAR[ColorHighlightVar]">listselect_fo.png</texture>
                <animation effect="slide" end="0,304" time="300" tween="cubic" easing="inout" condition="IntegerGreaterThan(Container(8011$SKINSHORTCUTS[id]).Row,0)">Conditional</animation>
                <animation effect="slide" end="304,0" time="300" tween="cubic" easing="inout" condition="IntegerGreaterThan(Container(8011$SKINSHORTCUTS[id]).Column,2)">Conditional</animation>
                <animation effect="slide" end="304,0" time="300" tween="cubic" easing="inout" condition="IntegerGreaterThan(Container(8011$SKINSHORTCUTS[id]).Column,1)">Conditional</animation>
                <animation effect="slide" end="304,0" time="300" tween="cubic" easing="inout" condition="IntegerGreaterThan(Container(8011$SKINSHORTCUTS[id]).Column,0)">Conditional</animation>
            </control>
            <control type="image">
                <visible>StringCompare(Container(9000).ListItem.Property(widgetIcon),$LOCALIZE[31100]) + Control.HasFocus(8011$SKINSHORTCUTS[id])</visible>
                <left>554</left>
                <top>48</top>
                <width>322</width>
                <height>215</height>
                <animation effect="fade" time="320" delay="200">Visible</animation>
                <animation effect="fade" time="200">Hidden</animation>
                <texture colordiffuse="$VAR[ColorHighlightVar]">listselect_fo.png</texture>
                <animation effect="slide" end="310,0" time="300" tween="cubic" easing="inout" condition="IntegerGreaterThan(Container(8011$SKINSHORTCUTS[id]).Column,2)">Conditional</animation>
                <animation effect="slide" end="310,0" time="300" tween="cubic" easing="inout" condition="IntegerGreaterThan(Container(8011$SKINSHORTCUTS[id]).Column,1)">Conditional</animation>
                <animation effect="slide" end="310,0" time="300" tween="cubic" easing="inout" condition="IntegerGreaterThan(Container(8011$SKINSHORTCUTS[id]).Column,0)">Conditional</animation>
                <animation effect="slide" end="0,203" time="300" tween="cubic" easing="inout" condition="IntegerGreaterThan(Container(8011$SKINSHORTCUTS[id]).Row,1)">Conditional</animation>
                <animation effect="slide" end="0,203" time="300" tween="cubic" easing="inout" condition="IntegerGreaterThan(Container(8011$SKINSHORTCUTS[id]).Row,0)">Conditional</animation>
            </control>
            <include>skinshortcuts-template-busyanimation</include>
            <control type="panel" id="8011$SKINSHORTCUTS[id]">
            	<skinshortcuts>visibility</skinshortcuts>
				<oninfo condition="StringCompare(Container(9000).ListItem.Property(widgetType),movies)">RunScript(script.extendedinfo,info=extendedinfo,name=$INFO[Container(8011$SKINSHORTCUTS[id]).ListItem.Label])</oninfo>
                <oninfo condition="StringCompare(Container(9000).ListItem.Property(widgetType),episodes)">RunScript(script.extendedinfo,info=extendedtvinfo,name=$INFO[Container(8011$SKINSHORTCUTS[id]).ListItem.TvShowTitle])</oninfo>
                <animation effect="fade" start="100" end="0" time="0" reversible="false" condition="Container(8011$SKINSHORTCUTS[id]).IsUpdating | Container(9000).OnNext | Container(9000).OnPrevious | Window.IsVisible(favourites) | Window.IsVisible(script-globalsearch-main.xml)">Conditional</animation>
                <left>560</left>
                <top>54</top>
                <width>1242</width>
                <height>609</height>
                <onleft>9000</onleft>
                <onright>8011$SKINSHORTCUTS[id]</onright>
                <onback>9000</onback>
                <viewtype label="535">list</viewtype>
                <focusposition>0</focusposition>
                <pagecontrol>-</pagecontrol>
                <preloaditems>2</preloaditems>
                <scrolltime tween="quadratic">400</scrolltime>
                <orientation>Vertical</orientation>
                <visible>!IsEmpty(Container(9000).ListItem.Property(widgetPath)) + ![Control.HasFocus(9010) + !Skin.HasSetting(Enable.PersistentWidgets)]</visible>
                <autoscroll time="10000" delay="10000" repeat="10000">[Control.IsVisible(9003) + !ControlGroup(9003).HasFocus] + !Skin.HasSetting(Disable.WidgetAutoScroll)</autoscroll>

                <!-- Poster -->
                <itemlayout height="304" width="207" condition="!StringCompare(Container(9000).ListItem.Property(widgetIcon),$LOCALIZE[31313]) + !StringCompare(Container(9000).ListItem.Property(widgetIcon),$LOCALIZE[31100])">
                    <control type="image">
                        <visible>IsEmpty(ListItem.Art(tvshow.poster))</visible>
                        <top>6</top>
                        <left>6</left>
                        <width>195</width>
                        <height>292</height>
                        <aspectratio aligny="center" align="center">scale</aspectratio>
                        <texture fallback="DefaultFallback.png" background="true">$INFO[ListItem.Art(thumb)]</texture>
                        <fadetime>400</fadetime>
                    </control>
                    <control type="image">
                        <visible>!IsEmpty(ListItem.Art(tvshow.poster))</visible>
                        <top>6</top>
                        <left>6</left>
                        <width>195</width>
                        <height>292</height>
                        <aspectratio aligny="center" align="center">scale</aspectratio>
                        <texture background="true" fallback="DefaultFallback.png">$INFO[ListItem.Art(tvshow.poster)]</texture>
                        <fadetime>400</fadetime>
                    </control>
                    <control type="image">
                        <top>6</top>
                        <left>6</left>
                        <width>195</width>
                        <height>292</height>
                        <texture>thumbs/diffuse.png</texture>
                        <fadetime>300</fadetime>
                    </control>
                </itemlayout>
                <focusedlayout height="304" width="207" condition="!StringCompare(Container(9000).ListItem.Property(widgetIcon),$LOCALIZE[31313]) + !StringCompare(Container(9000).ListItem.Property(widgetIcon),$LOCALIZE[31100])">
                    <control type="group">
                        <include>PanelFocusedItemZoom</include>
                        <control type="image">
                            <visible>IsEmpty(ListItem.Art(tvshow.poster))</visible>
                            <top>6</top>
                            <left>6</left>
                            <width>195</width>
                            <height>292</height>
                            <aspectratio aligny="center" align="center">scale</aspectratio>
                            <texture fallback="DefaultFallback.png" background="true">$INFO[ListItem.Art(thumb)]</texture>
                        </control>
                        <control type="image">
                            <visible>!IsEmpty(ListItem.Art(tvshow.poster))</visible>
                            <top>6</top>
                            <left>6</left>
                            <width>195</width>
                            <height>292</height>
                            <aspectratio aligny="center" align="center">scale</aspectratio>
                            <texture fallback="DefaultFallback.png" background="true">$INFO[ListItem.Art(tvshow.poster)]</texture>
                        </control>
                        <control type="image">
                            <animation center="auto" condition="Control.HasFocus(8011$SKINSHORTCUTS[id])" easing="inout" effect="fade" end="0" start="100" time="300" tween="sine">Focus</animation>
                            <animation center="auto" condition="Control.HasFocus(8011$SKINSHORTCUTS[id])" easing="inout" effect="fade" end="100" start="0" time="300" tween="sine">UnFocus</animation>
                            <top>6</top>
                            <left>6</left>
                            <width>195</width>
                            <height>292</height>
                            <texture>thumbs/diffuse.png</texture>
                        </control>
                    </control>
                </focusedlayout>

                <!-- Square -->
                <itemlayout height="304" width="304" condition="StringCompare(Container(9000).ListItem.Property(widgetIcon),$LOCALIZE[31313])">
                    <control type="group">
                        <left>14</left>
                        <control type="image">
                            <top>6</top>
                            <left>6</left>
                            <width>292</width>
                            <height>292</height>
                            <aspectratio aligny="center" align="center">scale</aspectratio>
                            <texture background="true" fallback="DefaultFolder.png">$INFO[ListItem.Icon]</texture>
                            <fadetime>400</fadetime>
                        </control>
                        <control type="image">
                            <top>6</top>
                            <left>6</left>
                            <width>292</width>
                            <height>292</height>
                            <texture>thumbs/diffuse.png</texture>
                        </control>
                    </control>
                </itemlayout>
                <focusedlayout height="304" width="304" condition="StringCompare(Container(9000).ListItem.Property(widgetIcon),$LOCALIZE[31313])">
                    <control type="group">
                        <include>PanelFocusedItemZoom</include>
                        <left>14</left>
                        <control type="image">
                            <top>6</top>
                            <left>6</left>
                            <width>292</width>
                            <height>292</height>
                            <aspectratio aligny="center" align="center">scale</aspectratio>
                            <texture background="true" fallback="DefaultFolder.png">$INFO[ListItem.Icon]</texture>
                        </control>
                        <control type="image">
                            <animation center="auto" condition="Control.HasFocus(8011$SKINSHORTCUTS[id])" easing="inout" effect="fade" end="0" start="100" time="300" tween="sine">Focus</animation>
                            <animation center="auto" condition="Control.HasFocus(8011$SKINSHORTCUTS[id])" easing="inout" effect="fade" end="100" start="0" time="300" tween="sine">UnFocus</animation>
                            <top>6</top>
                            <left>6</left>
                            <width>292</width>
                            <height>292</height>
                            <texture>thumbs/diffuse.png</texture>
                        </control>
                    </control>
                </focusedlayout>

                <!-- Landscape -->
                <itemlayout height="203" width="310" condition="StringCompare(Container(9000).ListItem.Property(widgetIcon),$LOCALIZE[31100])">
                    <control type="image">
                        <top>6</top>
                        <left>6</left>
                        <width>298</width>
                        <height>191</height>
                        <aspectratio aligny="center" align="center">scale</aspectratio>
                        <texture background="true" fallback="DefaultFallback.png">$INFO[ListItem.Icon]</texture>
                        <fadetime>400</fadetime>
                    </control>
                    <control type="image">
                        <top>6</top>
                        <left>6</left>
                        <width>298</width>
                        <height>191</height>
                        <texture>thumbs/diffuse.png</texture>
                    </control>
                </itemlayout>
                <focusedlayout height="203" width="310" condition="StringCompare(Container(9000).ListItem.Property(widgetIcon),$LOCALIZE[31100])">
                    <include>PanelFocusedItemZoom</include>
                    <control type="image">
                        <top>6</top>
                        <left>6</left>
                        <width>298</width>
                        <height>191</height>
                        <aspectratio aligny="center" align="center">scale</aspectratio>
                        <texture background="true" fallback="DefaultFallback.png">$INFO[ListItem.Icon]</texture>
                    </control>
                    <control type="image">
                        <animation center="auto" condition="Control.HasFocus(8011$SKINSHORTCUTS[id])" easing="inout" effect="fade" end="0" start="100" time="300" tween="sine">Focus</animation>
                        <animation center="auto" condition="Control.HasFocus(8011$SKINSHORTCUTS[id])" easing="inout" effect="fade" end="100" start="0" time="300" tween="sine">UnFocus</animation>
                        <top>6</top>
                        <left>6</left>
                        <width>298</width>
                        <height>191</height>
                        <texture>thumbs/diffuse.png</texture>
                    </control>
                </focusedlayout>
				<content limit="$VAR[WidgetLimit]" target="$SKINSHORTCUTS[target]">$SKINSHORTCUTS[path]$PYTHON[$SKINSHORTCUTS[autoreload]]</content>
			</control>
            <control type="group">
                <visible>!StringCompare(Container(9000).ListItem.Property(widget),weather) + ![Control.HasFocus(9010) + !Skin.HasSetting(Enable.PersistentWidgets)]</visible>
                <control type="label">
                    <animation effect="slide" time="0" tween="cubic" start="0" end="-10" condition="StringCompare(Container(9000).ListItem.Property(widgetIcon),$LOCALIZE[31313])">Conditional</animation>
                    <left>565</left>
                    <top>0</top>
                    <width>1225</width>
                    <height>40</height>
                    <font>font15_title</font>
                    <align>right</align>
                    <textcolor>$VAR[ColorTextVar]</textcolor>
                    <label>$INFO[Container(9000).ListItem.Property(widgetName)]</label>
                </control>
                <control type="group">
                    <visible>Control.HasFocus(8011$SKINSHORTCUTS[id])</visible>
                    <animation effect="slide" time="0" tween="cubic" start="0" end="15" condition="StringCompare(Container(9000).ListItem.Property(widgetIcon),$LOCALIZE[31313])">Conditional</animation>
                    <top>673</top>
                    <left>565</left>
                    <control type="label">
                        <width>1225</width>
                        <height>45</height>
                        <font>font16_title</font>
                        <scroll>true</scroll>
                        <textcolor>$VAR[ColorTextVar]</textcolor>
                        <label>$VAR[widgetLine1$SKINSHORTCUTS[id]]</label>
                    </control>
                    <control type="label">
                        <top>45</top>
                        <width>1242</width>
                        <height>45</height>
                        <font>font15</font>
                        <textcolor>$VAR[ColorTextVar]</textcolor>
                        <label>$VAR[widgetLine3$SKINSHORTCUTS[id]]</label>
                    </control>
                </control>
            </control>              
        </controls>
        <variables>
            <variable name="widgetLine1$SKINSHORTCUTS[id]">
                <value condition="!IsEmpty(Container(8011$SKINSHORTCUTS[id]).ListItem.Episode)">$INFO[Container(8011$SKINSHORTCUTS[id]).ListItem.Season,,x]$INFO[Container(8011$SKINSHORTCUTS[id]).ListItem.Episode,,. ]$INFO[Container(8011$SKINSHORTCUTS[id]).ListItem.Title]</value>
                <value condition="!IsEmpty(Container(8011$SKINSHORTCUTS[id]).ListItem.Title)">$INFO[Container(8011$SKINSHORTCUTS[id]).ListItem.Title]</value>
                <value>$INFO[Container(8011$SKINSHORTCUTS[id]).ListItem.Label]</value>
            </variable>
            <variable name="widgetLine2$SKINSHORTCUTS[id]">
                <value condition="!IsEmpty(Container(8011$SKINSHORTCUTS[id]).ListItem.Episode)">• $INFO[Container(8011$SKINSHORTCUTS[id]).ListItem.TvShowTitle]$INFO[Container(8011$SKINSHORTCUTS[id]).ListItem.Premiered, • ]</value>
                <value condition="!IsEmpty(Container(8011$SKINSHORTCUTS[id]).ListItem.Artist)">• $INFO[Container(8011$SKINSHORTCUTS[id]).ListItem.Artist]$INFO[Container(8011$SKINSHORTCUTS[id]).ListItem.Year, • ]</value>
                <value condition="!IsEmpty(Container(8011$SKINSHORTCUTS[id]).ListItem.Year)">• $INFO[Container(8011$SKINSHORTCUTS[id]).ListItem.Year]</value>
                <value condition="!IsEmpty(Container(8011$SKINSHORTCUTS[id]).ListItem.Label2)">• $INFO[Container(8011$SKINSHORTCUTS[id]).ListItem.Label2]</value>
            </variable>
            <variable name="widgetLine3$SKINSHORTCUTS[id]">
                <value condition="!IsEmpty(Container(8011$SKINSHORTCUTS[id]).ListItem.Episode)">$INFO[Container(8011$SKINSHORTCUTS[id]).ListItem.TvShowTitle]$INFO[Container(8011$SKINSHORTCUTS[id]).ListItem.Premiered, • ]</value>
                <value condition="!IsEmpty(Container(8011$SKINSHORTCUTS[id]).ListItem.Artist)">$INFO[Container(8011$SKINSHORTCUTS[id]).ListItem.Artist]$INFO[Container(8011$SKINSHORTCUTS[id]).ListItem.Year, • ]</value>
                <value condition="!IsEmpty(Container(8011$SKINSHORTCUTS[id]).ListItem.Year)">$INFO[Container(8011$SKINSHORTCUTS[id]).ListItem.Year]</value>
                <value>$INFO[Container(8011$SKINSHORTCUTS[id]).ListItem.Label2]</value>
            </variable>
        </variables>
    </other>
    <other include="widget.backgroundFanart">
        <property name="id" tag="mainmenuid" />
        <property name="visible">Control.HasFocus(8011$SKINSHORTCUTS[id]) + !IsEmpty(Container(8011$SKINSHORTCUTS[id]).ListItem.Art(fanart))</property>
        <property name="imagepath">$INFO[Container(8011$SKINSHORTCUTS[id]).ListItem.Art(fanart)]</property>
        <controls>
            <include name="WidgetFanart">
                <param name="Visible">$SKINSHORTCUTS[visible]</param>
                <param name="imagePath">$SKINSHORTCUTS[imagepath]</param>
            </include>
        </controls>
    </other>
    <other include="busyanimation">
        <property name="id" tag="mainmenuid" />
        <controls>
            <control type="image">
                <visible>Control.IsVisible(8011$SKINSHORTCUTS[id]) + Container(8011$SKINSHORTCUTS[id]).IsUpdating + ![Control.HasFocus(9010) + !Skin.HasSetting(Enable.PersistentWidgets)]</visible>
                <animation effect="slide" time="0" start="0,0" end="0,190" condition="StringCompare(Skin.String(HomeLayout),2)">Conditional</animation>
                <animation effect="slide" time="0" start="0,0" end="221,-382" condition="StringCompare(Skin.String(HomeLayout),3)">Conditional</animation>
                <description>Busy animation</description>
                <top>710</top>
                <left>930</left>
                <width>60</width>
                <height>60</height>
                <texture colordiffuse="$VAR[ColorTextVar]" fallback="special://skin/extras/spinners/Sun.png">$INFO[Skin.String(busyloader)]</texture>
                <aspectratio>keep</aspectratio>
                <animation effect="rotate" start="360" end="0" center="auto" time="3000" loop="true" condition="true">conditional</animation>
            </control>
        </controls>
    </other>
</template>